entry_id	toned	plain	kind
一些|一些|yi1 xie1	yi1xie1	yixie	canonical
一個|一个|yi1 ge5	yi1ge5	yige	canonical
一切|一切|yi1 qie4	yi1qie4	yiqie	canonical
一半|一半|yi1 ban4	yi1ban4	yiban	canonical
一定|一定|yi1 ding4	yi1ding4	yiding	canonical
一家|一家|yi1 jia1	yi1jia1	yijia	canonical
一旦|一旦|yi1 dan4	yi1dan4	yidan	canonical
一樣|一样|yi1 yang4	yi1yang4	yiyang	canonical
一生|一生|yi1 sheng1	yi1sheng1	yisheng	canonical
一直|一直|yi1 zhi2	yi1zhi2	yizhi	canonical
一致|一致|yi1 zhi4	yi1zhi4	yizhi	canonical
一般|一般|yi1 ban1	yi1ban1	yiban	canonical
一起|一起|yi1 qi3	yi1qi3	yiqi	canonical
一點|一点|yi1 dian3	yi1dian3	yidian	canonical
七|七|qi1	qi1	qi	canonical
丈夫|丈夫|zhang4 fu5	zhang4fu5	zhangfu	canonical
三|三|san1	san1	san	canonical
三十|三十|san1 shi2	san1shi2	sanshi	canonical
上|上|shang4	shang4	shang	canonical
上面|上面|shang4 mian4	shang4mian4	shangmian	canonical
上面|上面|shang4 mian4	shang4mian5	shangmian	variant
下|下|xia4	xia4	xia	canonical
下來|下来|xia4 lai5	xia4lai5	xialai	canonical
下午|下午|xia4 wu3	xia4wu3	xiawu	canonical
下降|下降|xia4 jiang4	xia4jiang4	xiajiang	canonical
下面|下面|xia4 mian4	xia4mian4	xiamian	canonical
下面|下面|xia4 mian4	xia4mian5	xiamian	variant
不久|不久|bu4 jiu3	bu4jiu3	bujiu	canonical
不僅|不仅|bu4 jin3	bu4jin3	bujin	canonical
不再|不再|bu4 zai4	bu4zai4	buzai	canonical
不到|不到|bu4 dao4	bu4dao4	budao	canonical
不可|不可|bu4 ke3	bu4ke3	buke	canonical
不同|不同|bu4 tong2	bu4tong2	butong	canonical
不少|不少|bu4 shao3	bu4shao3	bushao	canonical
不得不|不得不|bu4 de2 bu4	bu4de2bu4	budebu	canonical
不斷|不断|bu4 duan4	bu4duan4	buduan	canonical
不是|不是|bu4 shi4	bu4shi4	bushi	canonical
不是|不是|bu4 shi5	bu4shi5	bushi	canonical
不會|不会|bu4 hui4	bu4hui4	buhui	canonical
不用|不用|bu4 yong4	bu4yong4	buyong	canonical
不知|不知|bu4 zhi1	bu4zhi1	buzhi	canonical
不能|不能|bu4 neng2	bu4neng2	buneng	canonical
不要|不要|bu4 yao4	bu4yao4	buyao	canonical
不過|不过|bu4 guo4	bu4guo4	buguo	canonical
且|且|qie3	qie3	qie	canonical
世|世|shi4	shi4	shi	canonical
世紀|世纪|shi4 ji4	shi4ji4	shiji	canonical
並且|并且|bing4 qie3	bing4qie3	bingqie	canonical
並非|并非|bing4 fei1	bing4fei1	bingfei	canonical
中|中|zhong4	zhong4	zhong	canonical
中央|中央|zhong1 yang1	zhong1yang1	zhongyang	canonical
中學|中学|zhong1 xue2	zhong1xue2	zhongxue	canonical
中心|中心|zhong1 xin1	zhong1xin1	zhongxin	canonical
中間|中间|zhong1 jian1	zhong1jian1	zhongjian	canonical
丹|丹|dan1	dan1	dan	canonical
主|主|zhu3	zhu3	zhu	canonical
主任|主任|zhu3 ren4	zhu3ren4	zhuren	canonical
主席|主席|zhu3 xi2	zhu3xi2	zhuxi	canonical
主持|主持|zhu3 chi2	zhu3chi2	zhuchi	canonical
主義|主义|zhu3 yi4	zhu3yi4	zhuyi	canonical
主要|主要|zhu3 yao4	zhu3yao4	zhuyao	canonical
主角|主角|zhu3 jue2	zhu3jue2	zhujue	canonical
主題|主题|zhu3 ti2	zhu3ti2	zhuti	canonical
久|久|jiu3	jiu3	jiu	canonical
之一|之一|zhi1 yi1	zhi1yi1	zhiyi	canonical
之下|之下|zhi1 xia4	zhi1xia4	zhixia	canonical
之中|之中|zhi1 zhong1	zhi1zhong1	zhizhong	canonical
之前|之前|zhi1 qian2	zhi1qian2	zhiqian	canonical
之外|之外|zhi1 wai4	zhi1wai4	zhiwai	canonical
之後|之后|zhi1 hou4	zhi1hou4	zhihou	canonical
之間|之间|zhi1 jian1	zhi1jian1	zhijian	canonical
乘|乘|cheng2	cheng2	cheng	canonical
乘|乘|sheng4	sheng4	sheng	canonical
乘客|乘客|cheng2 ke4	cheng2ke4	chengke	canonical
九|九|jiu3	jiu3	jiu	canonical
也|也|ye3	ye3	ye	canonical
乾|乾|qian2	qian2	qian	canonical
乾|干|gan1	gan1	gan	canonical
亂|乱|luan4	luan4	luan	canonical
了|了|le5	le5	le	canonical
了|了|liao3	liao3	liao	canonical
了解|了解|liao3 jie3	liao3jie3	liaojie	canonical
事|事|shi4	shi4	shi	canonical
事件|事件|shi4 jian4	shi4jian4	shijian	canonical
事實|事实|shi4 shi2	shi4shi2	shishi	canonical
事實上|事实上|shi4 shi2 shang4	shi4shi2shang4	shishishang	canonical
事情|事情|shi4 qing5	shi4qing5	shiqing	canonical
事故|事故|shi4 gu4	shi4gu4	shigu	canonical
事業|事业|shi4 ye4	shi4ye4	shiye	canonical
二|二|er4	er4	er	canonical
二十|二十|er4 shi2	er4shi2	ershi	canonical
互相|互相|hu4 xiang1	hu4xiang1	huxiang	canonical
五|五|wu3	wu3	wu	canonical
井|井|jing3	jing3	jing	canonical
些|些|xie1	xie1	xie	canonical
亞|亚|ya4	ya3	ya	variant
亞|亚|ya4	ya4	ya	canonical
交|交|jiao1	jiao1	jiao	canonical
交換|交换|jiao1 huan4	jiao1huan4	jiaohuan	canonical
交易|交易|jiao1 yi4	jiao1yi4	jiaoyi	canonical
交流|交流|jiao1 liu2	jiao1liu2	jiaoliu	canonical
交通|交通|jiao1 tong1	jiao1tong1	jiaotong	canonical
亮|亮|liang4	liang4	liang	canonical
人們|人们|ren2 men5	ren2men5	renmen	canonical
人口|人口|ren2 kou3	ren2kou3	renkou	canonical
人員|人员|ren2 yuan2	ren2yuan2	renyuan	canonical
人士|人士|ren2 shi4	ren2shi4	renshi	canonical
人數|人数|ren2 shu4	ren2shu4	renshu	canonical
人民|人民|ren2 min2	ren2min2	renmin	canonical
人物|人物|ren2 wu4	ren2wu4	renwu	canonical
人生|人生|ren2 sheng1	ren2sheng1	rensheng	canonical
人類|人类|ren2 lei4	ren2lei4	renlei	canonical
什|什|shen2	shen2	shen	canonical
什|什|shi2	shi2	shi	canonical
什麼|什么|shen2 me5	shen2me5	shenme	canonical
今|今|jin1	jin1	jin	canonical
今天|今天|jin1 tian1	jin1tian1	jintian	canonical
介紹|介绍|jie4 shao4	jie4shao4	jieshao	canonical
仍|仍|reng2	reng2	reng	canonical
仍然|仍然|reng2 ran2	reng2ran2	rengran	canonical
仔|仔|zai3	zai3	zai	canonical
仔|仔|zi3	zi3	zi	canonical
他|他|ta1	ta1	ta	canonical
他人|他人|ta1 ren2	ta1ren2	taren	canonical
他們|他们|ta1 men5	ta1men5	tamen	canonical
代|代|dai4	dai4	dai	canonical
代表|代表|dai4 biao3	dai4biao3	daibiao	canonical
令|令|ling3	ling3	ling	canonical
令|令|ling4	ling4	ling	canonical
以|以|yi3	yi3	yi	canonical
以上|以上|yi3 shang4	yi3shang4	yishang	canonical
以下|以下|yi3 xia4	yi3xia4	yixia	canonical
以來|以来|yi3 lai2	yi3lai2	yilai	canonical
以前|以前|yi3 qian2	yi3qian2	yiqian	canonical
以及|以及|yi3 ji2	yi3ji2	yiji	canonical
以外|以外|yi3 wai4	yi3wai4	yiwai	canonical
以後|以后|yi3 hou4	yi3hou4	yihou	canonical
以為|以为|yi3 wei2	yi3wei2	yiwei	canonical
件|件|jian4	jian4	jian	canonical
任|任|ren4	ren4	ren	canonical
任何|任何|ren4 he2	ren4he2	renhe	canonical
任務|任务|ren4 wu5	ren4wu5	renwu	canonical
份|份|fen4	fen4	fen	canonical
企業|企业|qi3 ye4	qi3ye4	qiye	canonical
伊|伊|yi1	yi1	yi	canonical
伯|伯|bai3	bai3	bai	canonical
伯|伯|bo2	bo2	bo	canonical
估計|估计|gu1 ji4	gu1ji4	guji	canonical
似乎|似乎|si4 hu1	si4hu1	sihu	canonical
但|但|dan4	dan4	dan	canonical
但是|但是|dan4 shi4	dan4shi4	danshi	canonical
佈|布|bu4	bu4	bu	canonical
位|位|wei4	wei4	wei	canonical
位於|位于|wei4 yu2	wei4yu2	weiyu	canonical
位置|位置|wei4 zhi5	wei4zhi5	weizhi	canonical
低|低|di1	di1	di	canonical
住|住|zhu4	zhu4	zhu	canonical
何|何|he2	he2	he	canonical
作|作|zuo1	zuo1	zuo	canonical
作|作|zuo4	zuo4	zuo	canonical
作出|作出|zuo4 chu1	zuo4chu1	zuochu	canonical
作品|作品|zuo4 pin3	zuo4pin3	zuopin	canonical
作家|作家|zuo4 jia1	zuo4jia1	zuojia	canonical
作戰|作战|zuo4 zhan4	zuo4zhan4	zuozhan	canonical
作為|作为|zuo4 wei2	zuo4wei2	zuowei	canonical
作用|作用|zuo4 yong4	zuo4yong4	zuoyong	canonical
作者|作者|zuo4 zhe3	zuo4zhe3	zuozhe	canonical
你|你|ni3	ni3	ni	canonical
你們|你们|ni3 men5	ni3men5	nimen	canonical
使|使|shi3	shi3	shi	canonical
使得|使得|shi3 de5	shi3de5	shide	canonical
使用|使用|shi3 yong4	shi3yong4	shiyong	canonical
來|来|lai2	lai2	lai	canonical
來到|来到|lai2 dao4	lai2dao4	laidao	canonical
來源|来源|lai2 yuan2	lai2yuan2	laiyuan	canonical
來自|来自|lai2 zi4	lai2zi4	laizi	canonical
例如|例如|li4 ru2	li4ru2	liru	canonical
供|供|gong1	gong1	gong	canonical
供|供|gong4	gong1	gong	variant
供|供|gong4	gong4	gong	canonical
依|依|yi1	yi1	yi	canonical
依然|依然|yi1 ran2	yi1ran2	yiran	canonical
便|便|bian4	bian4	bian	canonical
係|系|xi4	xi4	xi	canonical
保|保|bao3	bao3	bao	canonical
保存|保存|bao3 cun2	bao3cun2	baocun	canonical
保持|保持|bao3 chi2	bao3chi2	baochi	canonical
保留|保留|bao3 liu2	bao3liu2	baoliu	canonical
保證|保证|bao3 zheng4	bao3zheng4	baozheng	canonical
保護|保护|bao3 hu4	bao3hu4	baohu	canonical
信|信|xin4	xin4	xin	canonical
信仰|信仰|xin4 yang3	xin4yang3	xinyang	canonical
信任|信任|xin4 ren4	xin4ren4	xinren	canonical
信息|信息|xin4 xi1	xin4xi1	xinxi	canonical
信號|信号|xin4 hao4	xin4hao4	xinhao	canonical
修|修|xiu1	xiu1	xiu	canonical
俱樂部|俱乐部|ju4 le4 bu4	ju4le4bu4	julebu	canonical
個人|个人|ge4 ren2	ge4ren2	geren	canonical
倍|倍|bei4	bei4	bei	canonical
們|们|men5	men5	men	canonical
倒|倒|dao3	dao3	dao	canonical
倒|倒|dao4	dao4	dao	canonical
借|借|jie4	jie4	jie	canonical
倫|伦|lun2	lun2	lun	canonical
值|值|zhi2	zhi2	zhi	canonical
值得|值得|zhi2 de5	zhi2de5	zhide	canonical
假|假|jia3	jia3	jia	canonical
假|假|jia4	jia4	jia	canonical
假設|假设|jia3 she4	jia3she4	jiashe	canonical
偉大|伟大|wei3 da4	wei3da4	weida	canonical
做|做|zuo4	zuo4	zuo	canonical
做出|做出|zuo4 chu1	zuo4chu1	zuochu	canonical
停|停|ting2	ting2	ting	canonical
停止|停止|ting2 zhi3	ting2zhi3	tingzhi	canonical
健康|健康|jian4 kang1	jian4kang1	jiankang	canonical
側|侧|ce4	ce4	ce	canonical
側|侧|zhai1	zhai1	zhai	canonical
偵探|侦探|zhen1 tan4	zhen1tan4	zhentan	canonical
偶像|偶像|ou3 xiang4	ou3xiang4	ouxiang	canonical
傳|传|chuan2	chuan2	chuan	canonical
傳|传|zhuan4	zhuan4	zhuan	canonical
傳統|传统|chuan2 tong3	chuan2tong3	chuantong	canonical
傳說|传说|chuan2 shuo1	chuan2shuo1	chuanshuo	canonical
傷|伤|shang1	shang1	shang	canonical
傷害|伤害|shang1 hai4	shang1hai4	shanghai	canonical
僅|仅|jin3	jin3	jin	canonical
像|像|xiang4	xiang4	xiang	canonical
價值|价值|jia4 zhi2	jia4zhi2	jiazhi	canonical
價格|价格|jia4 ge2	jia4ge2	jiage	canonical
儀式|仪式|yi2 shi4	yi2shi4	yishi	canonical
億|亿|yi4	yi4	yi	canonical
儘管|尽管|jin3 guan3	jin3guan3	jinguan	canonical
優勢|优势|you1 shi4	you1shi4	youshi	canonical
優秀|优秀|you1 xiu4	you1xiu4	youxiu	canonical
允許|允许|yun3 xu3	yun3xu3	yunxu	canonical
元|元|yuan2	yuan2	yuan	canonical
元素|元素|yuan2 su4	yuan2su4	yuansu	canonical
兄弟|兄弟|xiong1 di4	xiong1di4	xiongdi	canonical
充滿|充满|chong1 man3	chong1man3	chongman	canonical
先|先|xian1	xian1	xian	canonical
先生|先生|xian1 sheng5	xian1sheng5	xiansheng	canonical
光|光|guang1	guang1	guang	canonical
克|克|ke4	ke4	ke	canonical
免費|免费|mian3 fei4	mian3fei4	mianfei	canonical
兒|儿|er2	er2	er	canonical
兒子|儿子|er2 zi5	er2zi5	erzi	canonical
兒童|儿童|er2 tong2	er2tong2	ertong	canonical
入|入|ru4	ru4	ru	canonical
入侵|入侵|ru4 qin1	ru4qin1	ruqin	canonical
內|内|nei4	nei4	nei	canonical
內容|内容|nei4 rong2	nei4rong2	neirong	canonical
內部|内部|nei4 bu4	nei4bu4	neibu	canonical
全|全|quan2	quan2	quan	canonical
全世界|全世界|quan2 shi4 jie4	quan2shi4jie4	quanshijie	canonical
全國|全国|quan2 guo2	quan2guo2	quanguo	canonical
全球|全球|quan2 qiu2	quan2qiu2	quanqiu	canonical
全部|全部|quan2 bu4	quan2bu4	quanbu	canonical
全面|全面|quan2 mian4	quan2mian4	quanmian	canonical
八|八|ba1	ba1	ba	canonical
公|公|gong1	gong1	gong	canonical
公主|公主|gong1 zhu3	gong1zhu3	gongzhu	canonical
公共|公共|gong1 gong4	gong1gong4	gonggong	canonical
公園|公园|gong1 yuan2	gong1yuan2	gongyuan	canonical
公民|公民|gong1 min2	gong1min2	gongmin	canonical
公眾|公众|gong1 zhong4	gong1zhong4	gongzhong	canonical
公路|公路|gong1 lu4	gong1lu4	gonglu	canonical
公里|公里|gong1 li3	gong1li3	gongli	canonical
公開|公开|gong1 kai1	gong1kai1	gongkai	canonical
六|六|liu4	liu4	liu	canonical
共|共|gong4	gong4	gong	canonical
共同|共同|gong4 tong2	gong4tong2	gongtong	canonical
兵|兵|bing1	bing1	bing	canonical
其|其|qi2	qi2	qi	canonical
其中|其中|qi2 zhong1	qi2zhong1	qizhong	canonical
其他|其他|qi2 ta1	qi2ta1	qita	canonical
其它|其它|qi2 ta1	qi2ta1	qita	canonical
其實|其实|qi2 shi2	qi2shi2	qishi	canonical
具|具|ju4	ju4	ju	canonical
具有|具有|ju4 you3	ju4you3	juyou	canonical
具體|具体|ju4 ti3	ju4ti3	juti	canonical
再|再|zai4	zai4	zai	canonical
再次|再次|zai4 ci4	zai4ci4	zaici	canonical
冒險|冒险|mao4 xian3	mao4xian3	maoxian	canonical
冠軍|冠军|guan4 jun1	guan4jun1	guanjun	canonical
冰|冰|bing1	bing1	bing	canonical
冷|冷|leng3	leng3	leng	canonical
准|准|zhun3	zhun3	zhun	canonical
几|几|ji1	ji1	ji	canonical
凱|凯|kai3	kai3	kai	canonical
出來|出来|chu1 lai2	chu1lai2	chulai	canonical
出來|出来|chu5 lai5	chu5lai5	chulai	canonical
出口|出口|chu1 kou3	chu1kou3	chukou	canonical
出席|出席|chu1 xi2	chu1xi2	chuxi	canonical
出版|出版|chu1 ban3	chu1ban3	chuban	canonical
出現|出现|chu1 xian4	chu1xian4	chuxian	canonical
出生|出生|chu1 sheng1	chu1sheng1	chusheng	canonical
出發|出发|chu1 fa1	chu1fa1	chufa	canonical
刀|刀|dao1	dao1	dao	canonical
分|分|fen1	fen1	fen	canonical
分|分|fen4	fen4	fen	canonical
分別|分别|fen1 bie2	fen1bie2	fenbie	canonical
分子|分子|fen1 zi3	fen1zi3	fenzi	canonical
分子|分子|fen4 zi3	fen4zi3	fenzi	canonical
分析|分析|fen1 xi1	fen1xi1	fenxi	canonical
分鐘|分钟|fen1 zhong1	fen1zhong1	fenzhong	canonical
切|切|qie1	qie1	qie	canonical
切|切|qie4	qie4	qie	canonical
划|划|hua2	hua2	hua	canonical
列|列|lie4	lie4	lie	canonical
列車|列车|lie4 che1	lie4che1	lieche	canonical
初|初|chu1	chu1	chu	canonical
別|别|bie2	bie2	bie	canonical
別人|别人|bie2 ren5	bie2ren5	bieren	canonical
利|利|li4	li4	li	canonical
利用|利用|li4 yong4	li4yong4	liyong	canonical
利益|利益|li4 yi4	li4yi4	liyi	canonical
到|到|dao4	dao4	dao	canonical
到達|到达|dao4 da2	dao4da2	daoda	canonical
制|制|zhi4	zhi4	zhi	canonical
刺激|刺激|ci4 ji1	ci4ji1	ciji	canonical
刻|刻|ke4	ke4	ke	canonical
則|则|ze2	ze2	ze	canonical
前|前|qian2	qian2	qian	canonical
前往|前往|qian2 wang3	qian2wang3	qianwang	canonical
剛|刚|gang1	gang1	gang	canonical
剩下|剩下|sheng4 xia4	sheng4xia4	shengxia	canonical
副|副|fu4	fu4	fu	canonical
創作|创作|chuang4 zuo4	chuang4zuo4	chuangzuo	canonical
創造|创造|chuang4 zao4	chuang4zao4	chuangzao	canonical
劃|划|hua2	hua2	hua	canonical
劃|划|hua4	hua4	hua	canonical
劇|剧|ju4	ju4	ju	canonical
劇本|剧本|ju4 ben3	ju4ben3	juben	canonical
劍|剑|jian4	jian4	jian	canonical
力|力|li4	li4	li	canonical
力量|力量|li4 liang5	li4liang5	liliang	canonical
功能|功能|gong1 neng2	gong1neng2	gongneng	canonical
加|加|jia1	jia1	jia	canonical
加上|加上|jia1 shang4	jia1shang4	jiashang	canonical
加入|加入|jia1 ru4	jia1ru4	jiaru	canonical
努力|努力|nu3 li4	nu3li4	nuli	canonical
勒|勒|le4	le4	le	canonical
勒|勒|lei1	lei1	lei	canonical
動作|动作|dong4 zuo4	dong4zuo4	dongzuo	canonical
動物|动物|dong4 wu4	dong4wu4	dongwu	canonical
勝|胜|sheng4	sheng1	sheng	variant
勝|胜|sheng4	sheng4	sheng	canonical
勝利|胜利|sheng4 li4	sheng4li4	shengli	canonical
包|包|bao1	bao1	bao	canonical
包括|包括|bao1 kuo4	bao1kuo4	baokuo	canonical
化學|化学|hua4 xue2	hua4xue2	huaxue	canonical
北|北|bei3	bei3	bei	canonical
區|区|qu1	qu1	qu	canonical
區別|区别|qu1 bie2	qu1bie2	qubie	canonical
區域|区域|qu1 yu4	qu1yu4	quyu	canonical
十|十|shi2	shi2	shi	canonical
十二|十二|shi2 er4	shi2er4	shier	canonical
十分|十分|shi2 fen1	shi2fen1	shifen	canonical
千|千|qian1	qian1	qian	canonical
千萬|千万|qian1 wan4	qian1wan4	qianwan	canonical
升|升|sheng1	sheng1	sheng	canonical
半|半|ban4	ban4	ban	canonical
協助|协助|xie2 zhu4	xie2zhu4	xiezhu	canonical
協會|协会|xie2 hui4	xie2hui4	xiehui	canonical
協議|协议|xie2 yi4	xie2yi4	xieyi	canonical
南|南|na1	na1	na	canonical
南|南|na1	na2	na	variant
南|南|nan2	nan2	nan	canonical
南方|南方|nan2 fang1	nan2fang1	nanfang	canonical
博|博|bo2	bo2	bo	canonical
博士|博士|bo2 shi4	bo2shi4	boshi	canonical
博物館|博物馆|bo2 wu4 guan3	bo2wu4guan3	bowuguan	canonical
占|占|zhan1	zhan1	zhan	canonical
占|占|zhan4	zhan4	zhan	canonical
卡|卡|qia3	ka3	ka	variant
卡|卡|qia3	qia3	qia	canonical
印|印|yin4	yin4	yin	canonical
危機|危机|wei1 ji1	wei1ji1	weiji	canonical
危險|危险|wei1 xian3	wei1xian3	weixian	canonical
即|即|ji2	ji2	ji	canonical
即使|即使|ji2 shi3	ji2shi3	jishi	canonical
卷|卷|juan3	juan3	juan	canonical
卷|卷|juan4	juan4	juan	canonical
卻|却|que4	que4	que	canonical
原|原|yuan2	yuan2	yuan	canonical
原來|原来|yuan2 lai2	yuan2lai2	yuanlai	canonical
原則|原则|yuan2 ze2	yuan2ze2	yuanze	canonical
原因|原因|yuan2 yin1	yuan2yin1	yuanyin	canonical
原本|原本|yuan2 ben3	yuan2ben3	yuanben	canonical
去|去|qu4	qu4	qu	canonical
去世|去世|qu4 shi4	qu4shi4	qushi	canonical
參加|参加|can1 jia1	can1jia1	canjia	canonical
參與|参与|can1 yu4	can1yu4	canyu	canonical
又|又|you4	you4	you	canonical
及|及|ji2	ji2	ji	canonical
反|反|fan3	fan3	fan	canonical
反對|反对|fan3 dui4	fan3dui4	fandui	canonical
反應|反应|fan3 ying4	fan3ying4	fanying	canonical
取|取|qu3	qu3	qu	canonical
取得|取得|qu3 de2	qu3de2	qude	canonical
取消|取消|qu3 xiao1	qu3xiao1	quxiao	canonical
受|受|shou4	shou4	shou	canonical
受傷|受伤|shou4 shang1	shou4shang1	shoushang	canonical
受到|受到|shou4 dao4	shou4dao4	shoudao	canonical
口|口|kou3	kou3	kou	canonical
古|古|gu3	gu3	gu	canonical
句|句|ju4	ju4	ju	canonical
另|另|ling4	ling4	ling	canonical
另外|另外|ling4 wai4	ling4wai4	lingwai	canonical
只|只|zhi3	zhi3	zhi	canonical
只是|只是|zhi3 shi4	zhi3shi4	zhishi	canonical
只有|只有|zhi3 you3	zhi3you3	zhiyou	canonical
只能|只能|zhi3 neng2	zhi3neng2	zhineng	canonical
只要|只要|zhi3 yao4	zhi3yao4	zhiyao	canonical
叫|叫|jiao4	jiao4	jiao	canonical
叫做|叫做|jiao4 zuo4	jiao4zuo4	jiaozuo	canonical
可以|可以|ke3 yi3	ke3yi3	keyi	canonical
可是|可是|ke3 shi4	ke3shi4	keshi	canonical
可能|可能|ke3 neng2	ke3neng2	keneng	canonical
史|史|shi3	shi3	shi	canonical
右|右|you4	you4	you	canonical
叶|叶|xie2	xie2	xie	canonical
司|司|si1	si1	si	canonical
吃|吃|chi1	chi1	chi	canonical
各|各|ge4	ge4	ge	canonical
各地|各地|ge4 di4	ge4di4	gedi	canonical
各種|各种|ge4 zhong3	ge4zhong3	gezhong	canonical
合|合|ge3	ge3	ge	canonical
合作|合作|he2 zuo4	he2zuo4	hezuo	canonical
合併|合并|he2 bing4	he2bing4	hebing	canonical
合法|合法|he2 fa3	he2fa3	hefa	canonical
吉|吉|ji2	ji2	ji	canonical
同|同|tong2	tong2	tong	canonical
同志|同志|tong2 zhi4	tong2zhi4	tongzhi	canonical
同性戀|同性恋|tong2 xing4 lian4	tong2xing4lian4	tongxinglian	canonical
同意|同意|tong2 yi4	tong2yi4	tongyi	canonical
同時|同时|tong2 shi2	tong2shi2	tongshi	canonical
同樣|同样|tong2 yang4	tong2yang4	tongyang	canonical
名|名|ming2	ming2	ming	canonical
名人|名人|ming2 ren2	ming2ren2	mingren	canonical
名單|名单|ming2 dan1	ming2dan1	mingdan	canonical
名字|名字|ming2 zi5	ming2zi5	mingzi	canonical
后|后|hou4	hou4	hou	canonical
向|向|xiang4	xiang4	xiang	canonical
君|君|jun1	jun1	jun	canonical
否則|否则|fou3 ze2	fou3ze2	fouze	canonical
听|听|yin3	yin3	yin	canonical
吸引|吸引|xi1 yin3	xi1yin3	xiyin	canonical
告訴|告诉|gao4 su4	gao4su4	gaosu	canonical
告訴|告诉|gao4 su5	gao4su5	gaosu	canonical
呢|呢|ne5	ne5	ne	canonical
呢|呢|ni2	ni2	ni	canonical
周|周|zhou1	zhou1	zhou	canonical
周圍|周围|zhou1 wei2	zhou1wei2	zhouwei	canonical
味|味|wei4	wei4	wei	canonical
命|命|ming4	ming4	ming	canonical
命令|命令|ming4 ling4	ming4ling4	mingling	canonical
命名|命名|ming4 ming2	ming4ming2	mingming	canonical
和平|和平|he2 ping2	he2ping2	heping	canonical
咖啡|咖啡|ka1 fei1	ka1fei1	kafei	canonical
品|品|pin3	pin3	pin	canonical
哈|哈|ha1	ha1	ha	canonical
哈|哈|ha3	ha3	ha	canonical
員|员|yuan2	yuan2	yuan	canonical
員工|员工|yuan2 gong1	yuan2gong1	yuangong	canonical
哥|哥|ge1	ge1	ge	canonical
唯一|唯一|wei2 yi1	wei2yi1	weiyi	canonical
唱|唱|chang4	chang4	chang	canonical
唱片|唱片|chang4 pian4	chang4pian4	changpian	canonical
商|商|shang1	shang1	shang	canonical
商業|商业|shang1 ye4	shang1ye4	shangye	canonical
問|问|wen4	wen4	wen	canonical
問題|问题|wen4 ti2	wen4ti2	wenti	canonical
啟動|启动|qi3 dong4	qi3dong4	qidong	canonical
善|善|shan4	shan4	shan	canonical
喜|喜|xi3	xi3	xi	canonical
喜歡|喜欢|xi3 huan5	xi3huan5	xihuan	canonical
喬|乔|qiao2	qiao2	qiao	canonical
單|单|dan1	dan1	dan	canonical
單位|单位|dan1 wei4	dan1wei4	danwei	canonical
單獨|单独|dan1 du2	dan1du2	dandu	canonical
嗎|吗|ma2	ma2	ma	canonical
嗎|吗|ma5	ma5	ma	canonical
嘗試|尝试|chang2 shi4	chang2shi4	changshi	canonical
嘴|嘴|zui3	zui3	zui	canonical
器|器|qi4	qi4	qi	canonical
嚴格|严格|yan2 ge2	yan2ge2	yange	canonical
嚴重|严重|yan2 zhong4	yan2zhong4	yanzhong	canonical
四|四|si4	si4	si	canonical
回|回|hui2	hui2	hui	canonical
回到|回到|hui2 dao4	hui2dao4	huidao	canonical
回憶|回忆|hui2 yi4	hui2yi4	huiyi	canonical
回答|回答|hui2 da2	hui2da2	huida	canonical
因|因|yin1	yin1	yin	canonical
因此|因此|yin1 ci3	yin1ci3	yinci	canonical
因為|因为|yin1 wei4	yin1wei4	yinwei	canonical
困難|困难|kun4 nan5	kun4nan5	kunnan	canonical
圈|圈|juan1	juan1	juan	canonical
圈|圈|juan4	juan4	juan	canonical
圈|圈|quan1	quan1	quan	canonical
國家|国家|guo2 jia1	guo2jia1	guojia	canonical
國王|国王|guo2 wang2	guo2wang2	guowang	canonical
國際|国际|guo2 ji4	guo2ji4	guoji	canonical
圍|围|wei2	wei2	wei	canonical
圓|圆|yuan2	yuan2	yuan	canonical
圖|图|tu2	tu2	tu	canonical
圖書館|图书馆|tu2 shu1 guan3	tu2shu1guan3	tushuguan	canonical
團|团|tuan2	tuan2	tuan	canonical
團隊|团队|tuan2 dui4	tuan2dui4	tuandui	canonical
團體|团体|tuan2 ti3	tuan2ti3	tuanti	canonical
土|土|tu3	tu3	tu	canonical
土地|土地|tu3 di4	tu3di4	tudi	canonical
土地|土地|tu3 di5	tu3di5	tudi	canonical
圣|圣|ku1	ku1	ku	canonical
在|在|zai4	zai4	zai	canonical
在於|在于|zai4 yu2	zai4yu2	zaiyu	canonical
地|地|di4	di4	di	canonical
地下|地下|di4 xia4	di4xia4	dixia	canonical
地位|地位|di4 wei4	di4wei4	diwei	canonical
地區|地区|di4 qu1	di4qu1	diqu	canonical
地圖|地图|di4 tu2	di4tu2	ditu	canonical
地址|地址|di4 zhi3	di4zhi3	dizhi	canonical
地方|地方|di4 fang1	di4fang1	difang	canonical
地方|地方|di4 fang5	di4fang5	difang	canonical
地球|地球|di4 qiu2	di4qiu2	diqiu	canonical
地鐵|地铁|di4 tie3	di4tie3	ditie	canonical
地點|地点|di4 dian3	di4dian3	didian	canonical
均|均|jun1	jun1	jun	canonical
坐|坐|zuo4	zuo4	zuo	canonical
型|型|xing2	xing2	xing	canonical
城|城|cheng2	cheng2	cheng	canonical
城市|城市|cheng2 shi4	cheng2shi4	chengshi	canonical
執行|执行|zhi2 xing2	zhi2xing2	zhixing	canonical
基|基|ji1	ji1	ji	canonical
基因|基因|ji1 yin1	ji1yin1	jiyin	canonical
基地|基地|ji1 di4	ji1di4	jidi	canonical
基於|基于|ji1 yu2	ji1yu2	jiyu	canonical
基本|基本|ji1 ben3	ji1ben3	jiben	canonical
基礎|基础|ji1 chu3	ji1chu3	jichu	canonical
堂|堂|tang2	tang2	tang	canonical
堅持|坚持|jian1 chi2	jian1chi2	jianchi	canonical
堆|堆|dui1	dui1	dui	canonical
報|报|bao4	bao4	bao	canonical
報告|报告|bao4 gao4	bao4gao4	baogao	canonical
報紙|报纸|bao4 zhi3	bao4zhi3	baozhi	canonical
報道|报道|bao4 dao4	bao4dao4	baodao	canonical
場|场|chang2	chang2	chang	canonical
場|场|chang3	chang3	chang	canonical
塊|块|kuai4	kuai4	kuai	canonical
塔|塔|ta3	ta3	ta	canonical
塞|塞|sai1	sai1	sai	canonical
塞|塞|sai4	sai4	sai	canonical
塞|塞|se4	se4	se	canonical
增加|增加|zeng1 jia1	zeng1jia1	zengjia	canonical
壓|压|ya1	ya1	ya	canonical
壓力|压力|ya1 li4	ya1li4	yali	canonical
士|士|shi4	shi4	shi	canonical
士兵|士兵|shi4 bing1	shi4bing1	shibing	canonical
夏|夏|xia4	xia4	xia	canonical
外|外|wai4	wai4	wai	canonical
多|多|duo1	duo1	duo	canonical
多|多|duo1	duo2	duo	variant
多少|多少|duo1 shao3	duo1shao3	duoshao	canonical
多少|多少|duo1 shao5	duo1shao5	duoshao	canonical
夜|夜|ye4	ye4	ye	canonical
夢|梦|meng4	meng4	meng	canonical
大事|大事|da4 shi4	da4shi4	dashi	canonical
大型|大型|da4 xing2	da4xing2	daxing	canonical
大多數|大多数|da4 duo1 shu4	da4duo1shu4	daduoshu	canonical
大學|大学|da4 xue2	da4xue2	daxue	canonical
大家|大家|da4 jia1	da4jia1	dajia	canonical
大會|大会|da4 hui4	da4hui4	dahui	canonical
大樓|大楼|da4 lou2	da4lou2	dalou	canonical
大約|大约|da4 yue1	da4yue1	dayue	canonical
大道|大道|da4 dao4	da4dao4	dadao	canonical
大部分|大部分|da4 bu4 fen5	da4bu4fen4	dabufen	variant
大部分|大部分|da4 bu4 fen5	da4bu4fen5	dabufen	canonical
大量|大量|da4 liang4	da4liang4	daliang	canonical
天|天|tian1	tian1	tian	canonical
天氣|天气|tian1 qi4	tian1qi4	tianqi	canonical
太|太|tai4	tai4	tai	canonical
太空|太空|tai4 kong1	tai4kong1	taikong	canonical
太陽|太阳|tai4 yang5	tai4yang5	taiyang	canonical
夫|夫|fu1	fu1	fu	canonical
夫|夫|fu2	fu2	fu	canonical
夫人|夫人|fu1 ren5	fu1ren5	furen	canonical
失去|失去|shi1 qu4	shi1qu4	shiqu	canonical
失敗|失败|shi1 bai4	shi1bai4	shibai	canonical
奇|奇|ji1	ji1	ji	canonical
奇|奇|qi2	qi2	qi	canonical
套|套|tao4	tao4	tao	canonical
奧|奥|ao4	ao4	ao	canonical
奪|夺|duo2	duo2	duo	canonical
女|女|nu:3	nv3	nv	canonical
女人|女人|nu:3 ren2	nv3ren2	nvren	canonical
女人|女人|nu:3 ren5	nv3ren5	nvren	canonical
女兒|女儿|nu:3 er2	nv3er2	nver	canonical
女子|女子|nu:3 zi3	nv3zi3	nvzi	canonical
女孩|女孩|nu:3 hai2	nv3hai2	nvhai	canonical
女性|女性|nu:3 xing4	nv3xing4	nvxing	canonical
女王|女王|nu:3 wang2	nv3wang2	nvwang	canonical
她|她|ta1	ta1	ta	canonical
她們|她们|ta1 men5	ta1men5	tamen	canonical
好|好|hao3	hao3	hao	canonical
好|好|hao4	hao4	hao	canonical
如|如|ru2	ru2	ru	canonical
如何|如何|ru2 he2	ru2he2	ruhe	canonical
如果|如果|ru2 guo3	ru2guo3	ruguo	canonical
如此|如此|ru2 ci3	ru2ci3	ruci	canonical
妮|妮|ni1	ni1	ni	canonical
妮|妮|ni1	ni2	ni	variant
妳|你|ni3	ni3	ni	canonical
妹妹|妹妹|mei4 mei5	mei4mei5	meimei	canonical
妻子|妻子|qi1 zi3	qi1zi3	qizi	canonical
妻子|妻子|qi1 zi5	qi1zi5	qizi	canonical
姓|姓|xing4	xing4	xing	canonical
委員會|委员会|wei3 yuan2 hui4	wei3yuan2hui4	weiyuanhui	canonical
威|威|wei1	wei1	wei	canonical
威脅|威胁|wei1 xie2	wei1xie2	weixie	canonical
娛樂|娱乐|yu2 le4	yu2le4	yule	canonical
婚姻|婚姻|hun1 yin1	hun1yin1	hunyin	canonical
婦女|妇女|fu4 nu:3	fu4nv3	funv	canonical
媒體|媒体|mei2 ti3	mei2ti3	meiti	canonical
嫁|嫁|jia4	jia4	jia	canonical
子|子|zi5	zi5	zi	canonical
字|字|zi4	zi4	zi	canonical
字母|字母|zi4 mu3	zi4mu3	zimu	canonical
存|存|cun2	cun2	cun	canonical
存在|存在|cun2 zai4	cun2zai4	cunzai	canonical
季|季|ji4	ji4	ji	canonical
孩子|孩子|hai2 zi5	hai2zi5	haizi	canonical
學會|学会|xue2 hui4	xue2hui4	xuehui	canonical
學校|学校|xue2 xiao4	xue2xiao4	xuexiao	canonical
學生|学生|xue2 sheng5	xue2sheng5	xuesheng	canonical
學習|学习|xue2 xi2	xue2xi2	xuexi	canonical
學院|学院|xue2 yuan4	xue2yuan4	xueyuan	canonical
它|它|ta1	ta1	ta	canonical
它們|它们|ta1 men5	ta1men5	tamen	canonical
宇宙|宇宙|yu3 zhou4	yu3zhou4	yuzhou	canonical
守|守|shou3	shou3	shou	canonical
安|安|an1	an1	an	canonical
安排|安排|an1 pai2	an1pai2	anpai	canonical
完|完|wan2	wan2	wan	canonical
完全|完全|wan2 quan2	wan2quan2	wanquan	canonical
完成|完成|wan2 cheng2	wan2cheng2	wancheng	canonical
完整|完整|wan2 zheng3	wan2zheng3	wanzheng	canonical
完美|完美|wan2 mei3	wan2mei3	wanmei	canonical
宗|宗|zong1	zong1	zong	canonical
宗教|宗教|zong1 jiao4	zong1jiao4	zongjiao	canonical
官|官|guan1	guan1	guan	canonical
官員|官员|guan1 yuan2	guan1yuan2	guanyuan	canonical
官方|官方|guan1 fang1	guan1fang1	guanfang	canonical
定|定|ding4	ding4	ding	canonical
定義|定义|ding4 yi4	ding4yi4	dingyi	canonical
客|客|ke4	ke4	ke	canonical
宣傳|宣传|xuan1 chuan2	xuan1chuan2	xuanchuan	canonical
宣布|宣布|xuan1 bu4	xuan1bu4	xuanbu	canonical
室|室|shi4	shi4	shi	canonical
宮|宫|gong1	gong1	gong	canonical
家人|家人|jia1 ren2	jia1ren2	jiaren	canonical
家庭|家庭|jia1 ting2	jia1ting2	jiating	canonical
家族|家族|jia1 zu2	jia1zu2	jiazu	canonical
容易|容易|rong2 yi4	rong2yi4	rongyi	canonical
密|密|mi4	mi4	mi	canonical
富|富|fu4	fu4	fu	canonical
實施|实施|shi2 shi1	shi2shi1	shishi	canonical
實現|实现|shi2 xian4	shi2xian4	shixian	canonical
實際|实际|shi2 ji4	shi2ji4	shiji	canonical
實際上|实际上|shi2 ji4 shang4	shi2ji4shang4	shijishang	canonical
實驗|实验|shi2 yan4	shi2yan4	shiyan	canonical
實驗室|实验室|shi2 yan4 shi4	shi2yan4shi4	shiyanshi	canonical
審判|审判|shen3 pan4	shen3pan4	shenpan	canonical
寫|写|xie3	xie3	xie	canonical
寶|宝|bao3	bao3	bao	canonical
封|封|feng1	feng1	feng	canonical
射|射|she4	she4	she	canonical
將|将|jiang1	jiang1	jiang	canonical
將|将|jiang4	jiang4	jiang	canonical
將|将|qiang1	qiang1	qiang	canonical
將軍|将军|jiang1 jun1	jiang1jun1	jiangjun	canonical
專家|专家|zhuan1 jia1	zhuan1jia1	zhuanjia	canonical
專業|专业|zhuan1 ye4	zhuan1ye4	zhuanye	canonical
專輯|专辑|zhuan1 ji2	zhuan1ji2	zhuanji	canonical
專門|专门|zhuan1 men2	zhuan1men2	zhuanmen	canonical
尊重|尊重|zun1 zhong4	zun1zhong4	zunzhong	canonical
尋找|寻找|xun2 zhao3	xun2zhao3	xunzhao	canonical
對|对|dui4	dui4	dui	canonical
對手|对手|dui4 shou3	dui4shou3	duishou	canonical
對抗|对抗|dui4 kang4	dui4kang4	duikang	canonical
對方|对方|dui4 fang1	dui4fang1	duifang	canonical
對於|对于|dui4 yu2	dui4yu2	duiyu	canonical
對象|对象|dui4 xiang4	dui4xiang4	duixiang	canonical
導致|导致|dao3 zhi4	dao3zhi4	daozhi	canonical
小時|小时|xiao3 shi2	xiao3shi2	xiaoshi	canonical
小組|小组|xiao3 zu3	xiao3zu3	xiaozu	canonical
小說|小说|xiao3 shuo1	xiao3shuo1	xiaoshuo	canonical
少|少|shao3	shao3	shao	canonical
少|少|shao4	shao4	shao	canonical
尤其|尤其|you2 qi2	you2qi2	youqi	canonical
就是|就是|jiu4 shi4	jiu4shi4	jiushi	canonical
尼|尼|ni2	ni2	ni	canonical
尾|尾|wei3	wei3	wei	canonical
尾|尾|yi3	yi3	yi	canonical
局|局|ju2	ju2	ju	canonical
居民|居民|ju1 min2	ju1min2	jumin	canonical
屆|届|jie4	jie4	jie	canonical
屋|屋|wu1	wu1	wu	canonical
屍體|尸体|shi1 ti3	shi1ti3	shiti	canonical
展示|展示|zhan3 shi4	zhan3shi4	zhanshi	canonical
展開|展开|zhan3 kai1	zhan3kai1	zhankai	canonical
層|层|ceng2	ceng2	ceng	canonical
屬|属|shu3	shu3	shu	canonical
屬|属|zhu3	zhu3	zhu	canonical
屬於|属于|shu3 yu2	shu3yu2	shuyu	canonical
山|山|shan1	shan1	shan	canonical
島|岛|dao3	dao3	dao	canonical
嵗|岁|sui4	sui4	sui	canonical
州|州|zhou1	zhou1	zhou	canonical
工|工|gong1	gong1	gong	canonical
工人|工人|gong1 ren2	gong1ren2	gongren	canonical
工作|工作|gong1 zuo4	gong1zuo4	gongzuo	canonical
工具|工具|gong1 ju4	gong1ju4	gongju	canonical
工廠|工厂|gong1 chang3	gong1chang3	gongchang	canonical
工程|工程|gong1 cheng2	gong1cheng2	gongcheng	canonical
左|左|zuo3	zuo3	zuo	canonical
左右|左右|zuo3 you4	zuo3you4	zuoyou	canonical
巨大|巨大|ju4 da4	ju4da4	juda	canonical
差|差|cha1	cha1	cha	canonical
差|差|cha4	cha1	cha	variant
差|差|cha4	cha4	cha	canonical
差|差|chai1	chai1	chai	canonical
已|已|yi3	yi3	yi	canonical
已經|已经|yi3 jing1	yi3jing1	yijing	canonical
巴士|巴士|ba1 shi4	ba1shi4	bashi	canonical
市場|市场|shi4 chang3	shi4chang3	shichang	canonical
市長|市长|shi4 zhang3	shi4zhang3	shizhang	canonical
布|布|bu4	bu4	bu	canonical
希|希|xi1	xi1	xi	canonical
希望|希望|xi1 wang4	xi1wang4	xiwang	canonical
帕|帕|pa4	pa4	pa	canonical
帝國|帝国|di4 guo2	di4guo2	diguo	canonical
師|师|shi1	shi1	shi	canonical
帶|带|dai4	dai4	dai	canonical
帶來|带来|dai4 lai2	dai4lai2	dailai	canonical
常|常|chang2	chang2	chang	canonical
常常|常常|chang2 chang2	chang2chang2	changchang	canonical
幅|幅|fu2	fu2	fu	canonical
幫|帮|bang1	bang1	bang	canonical
幫助|帮助|bang1 zhu4	bang1zhu4	bangzhu	canonical
干|干|gan1	gan1	gan	canonical
年|年|nian2	nian2	nian	canonical
年代|年代|nian2 dai4	nian2dai4	niandai	canonical
年輕|年轻|nian2 qing1	nian2qing1	nianqing	canonical
年齡|年龄|nian2 ling2	nian2ling2	nianling	canonical
幹|干|gan4	gan4	gan	canonical
幾|几|ji1	ji1	ji	canonical
幾|几|ji3	ji3	ji	canonical
幾乎|几乎|ji1 hu1	ji1hu1	jihu	canonical
底|底|de5	de5	de	canonical
底|底|di3	di3	di	canonical
店|店|dian4	dian4	dian	canonical
度|度|du4	du4	du	canonical
度|度|duo2	duo2	duo	canonical
度|度|duo2	duo4	duo	variant
座|座|zuo4	zuo4	zuo	canonical
庫|库|ku4	ku4	ku	canonical
庭|庭|ting2	ting2	ting	canonical
康|康|kang1	kang1	kang	canonical
廣告|广告|guang3 gao4	guang3gao4	guanggao	canonical
廣場|广场|guang3 chang3	guang3chang3	guangchang	canonical
廣播|广播|guang3 bo1	guang3bo1	guangbo	canonical
廳|厅|ting1	ting1	ting	canonical
建|建|jian4	jian4	jian	canonical
建立|建立|jian4 li4	jian4li4	jianli	canonical
建築|建筑|jian4 zhu4	jian4zhu4	jianzhu	canonical
建議|建议|jian4 yi4	jian4yi4	jianyi	canonical
建造|建造|jian4 zao4	jian4zao4	jianzao	canonical
式|式|shi4	shi4	shi	canonical
引|引|yin3	yin3	yin	canonical
引擎|引擎|yin3 qing2	yin3qing2	yinqing	canonical
引發|引发|yin3 fa1	yin3fa1	yinfa	canonical
引起|引起|yin3 qi3	yin3qi3	yinqi	canonical
弗|弗|fu2	fu2	fu	canonical
弟弟|弟弟|di4 di5	di4di5	didi	canonical
張|张|zhang1	zhang1	zhang	canonical
強|强|jiang4	jiang4	jiang	canonical
強|强|qiang2	qiang2	qiang	canonical
強|强|qiang3	qiang3	qiang	canonical
強大|强大|qiang2 da4	qiang2da4	qiangda	canonical
強烈|强烈|qiang2 lie4	qiang2lie4	qianglie	canonical
彈|弹|dan4	dan4	dan	canonical
彈|弹|tan2	tan2	tan	canonical
形|形|xing2	xing2	xing	canonical
形式|形式|xing2 shi4	xing2shi4	xingshi	canonical
形成|形成|xing2 cheng2	xing2cheng2	xingcheng	canonical
形象|形象|xing2 xiang4	xing2xiang4	xingxiang	canonical
影|影|ying3	ying3	ying	canonical
影響|影响|ying3 xiang3	ying3xiang3	yingxiang	canonical
彼此|彼此|bi3 ci3	bi3ci3	bici	canonical
往|往|wang3	wang3	wang	canonical
待|待|dai1	dai1	dai	canonical
待|待|dai4	dai4	dai	canonical
很|很|hen3	hen3	hen	canonical
律師|律师|lu:4 shi1	lv4shi1	lvshi	canonical
後|后|hou4	hou4	hou	canonical
後來|后来|hou4 lai2	hou4lai2	houlai	canonical
得|得|de2	de2	de	canonical
得|得|dei3	dei3	dei	canonical
得到|得到|de2 dao4	de2dao4	dedao	canonical
得知|得知|de2 zhi1	de2zhi1	dezhi	canonical
從未|从未|cong2 wei4	cong2wei4	congwei	canonical
徹底|彻底|che4 di3	che4di3	chedi	canonical
心理|心理|xin1 li3	xin1li3	xinli	canonical
必|必|bi4	bi4	bi	canonical
必要|必要|bi4 yao4	bi4yao4	biyao	canonical
必須|必须|bi4 xu1	bi4xu1	bixu	canonical
快|快|kuai4	kuai4	kuai	canonical
快速|快速|kuai4 su4	kuai4su4	kuaisu	canonical
念|念|nian4	nian4	nian	canonical
思|思|si1	si1	si	canonical
思想|思想|si1 xiang3	si1xiang3	sixiang	canonical
急|急|ji2	ji2	ji	canonical
怪|怪|guai4	guai4	guai	canonical
恐怖|恐怖|kong3 bu4	kong3bu4	kongbu	canonical
恢復|恢复|hui1 fu4	hui1fu4	huifu	canonical
恩|恩|en1	en1	en	canonical
情報|情报|qing2 bao4	qing2bao4	qingbao	canonical
情況|情况|qing2 kuang4	qing2kuang4	qingkuang	canonical
情緒|情绪|qing2 xu4	qing2xu4	qingxu	canonical
想|想|xiang3	xiang3	xiang	canonical
想法|想法|xiang3 fa3	xiang3fa3	xiangfa	canonical
意味著|意味着|yi4 wei4 zhe5	yi4wei4zhe5	yiweizhe	canonical
意外|意外|yi4 wai4	yi4wai4	yiwai	canonical
意思|意思|yi4 si5	yi4si5	yisi	canonical
意義|意义|yi4 yi4	yi4yi4	yiyi	canonical
意見|意见|yi4 jian4	yi4jian4	yijian	canonical
意識|意识|yi4 shi2	yi4shi2	yishi	canonical
愛|爱|ai4	ai4	ai	canonical
愛情|爱情|ai4 qing2	ai4qing2	aiqing	canonical
感|感|gan3	gan3	gan	canonical
感到|感到|gan3 dao4	gan3dao4	gandao	canonical
感情|感情|gan3 qing2	gan3qing2	ganqing	canonical
感染|感染|gan3 ran3	gan3ran3	ganran	canonical
感覺|感觉|gan3 jue2	gan3jue2	ganjue	canonical
態度|态度|tai4 du5	tai4du5	taidu	canonical
慢|慢|man4	man4	man	canonical
慶祝|庆祝|qing4 zhu4	qing4zhu4	qingzhu	canonical
應|应|ying1	ying1	ying	canonical
應|应|ying4	ying4	ying	canonical
應該|应该|ying1 gai1	ying1gai1	yinggai	canonical
懷|怀|huai2	huai2	huai	canonical
懷疑|怀疑|huai2 yi2	huai2yi2	huaiyi	canonical
成|成|cheng2	cheng2	cheng	canonical
成功|成功|cheng2 gong1	cheng2gong1	chenggong	canonical
成員|成员|cheng2 yuan2	cheng2yuan2	chengyuan	canonical
成就|成就|cheng2 jiu4	cheng2jiu4	chengjiu	canonical
成為|成为|cheng2 wei2	cheng2wei2	chengwei	canonical
成熟|成熟|cheng2 shu2	cheng2shou2	chengshou	variant
成熟|成熟|cheng2 shu2	cheng2shu2	chengshu	canonical
成立|成立|cheng2 li4	cheng2li4	chengli	canonical
成績|成绩|cheng2 ji4	cheng2ji4	chengji	canonical
成長|成长|cheng2 zhang3	cheng2zhang3	chengzhang	canonical
我|我|wo3	wo3	wo	canonical
我們|我们|wo3 men5	wo3men5	women	canonical
或|或|huo4	huo4	huo	canonical
或是|或是|huo4 shi4	huo4shi4	huoshi	canonical
或者|或者|huo4 zhe3	huo4zhe3	huozhe	canonical
戰|战|zhan4	zhan4	zhan	canonical
戰士|战士|zhan4 shi4	zhan4shi4	zhanshi	canonical
戰爭|战争|zhan4 zheng1	zhan4zheng1	zhanzheng	canonical
戰鬥|战斗|zhan4 dou4	zhan4dou4	zhandou	canonical
戲|戏|xi4	xi4	xi	canonical
戴|戴|dai4	dai4	dai	canonical
戶|户|hu4	hu4	hu	canonical
房|房|fang2	fang2	fang	canonical
所|所|suo3	suo3	suo	canonical
所以|所以|suo3 yi3	suo3yi3	suoyi	canonical
所在|所在|suo3 zai4	suo3zai4	suozai	canonical
所有|所有|suo3 you3	suo3you3	suoyou	canonical
所謂|所谓|suo3 wei4	suo3wei4	suowei	canonical
手機|手机|shou3 ji1	shou3ji1	shouji	canonical
手段|手段|shou3 duan4	shou3duan4	shouduan	canonical
手術|手术|shou3 shu4	shou3shu4	shoushu	canonical
扎|扎|zha1	zha1	zha	canonical
打|打|da3	da3	da	canonical
打擊|打击|da3 ji1	da3ji1	daji	canonical
打算|打算|da3 suan4	da3suan4	dasuan	canonical
打開|打开|da3 kai1	da3kai1	dakai	canonical
托|托|tuo1	tuo1	tuo	canonical
扮演|扮演|ban4 yan3	ban4yan3	banyan	canonical
批|批|pi1	pi1	pi	canonical
批准|批准|pi1 zhun3	pi1zhun3	pizhun	canonical
批評|批评|pi1 ping2	pi1ping2	piping	canonical
找|找|zhao3	zhao3	zhao	canonical
找到|找到|zhao3 dao4	zhao3dao4	zhaodao	canonical
承認|承认|cheng2 ren4	cheng2ren4	chengren	canonical
承諾|承诺|cheng2 nuo4	cheng2nuo4	chengnuo	canonical
把|把|ba3	ba3	ba	canonical
把|把|ba4	ba4	ba	canonical
投|投|tou2	tou2	tou	canonical
投入|投入|tou2 ru4	tou2ru4	touru	canonical
投票|投票|tou2 piao4	tou2piao4	toupiao	canonical
投資|投资|tou2 zi1	tou2zi1	touzi	canonical
投降|投降|tou2 xiang2	tou2xiang2	touxiang	canonical
拉|拉|la1	la1	la	canonical
拉|拉|la2	la2	la	canonical
拍|拍|pai1	pai1	pai	canonical
拍攝|拍摄|pai1 she4	pai1she4	paishe	canonical
拒絕|拒绝|ju4 jue2	ju4jue2	jujue	canonical
拜|拜|bai4	bai4	bai	canonical
拳|拳|quan2	quan2	quan	canonical
拿|拿|na2	na2	na	canonical
持續|持续|chi2 xu4	chi2xu4	chixu	canonical
指|指|zhi3	zhi3	zhi	canonical
指出|指出|zhi3 chu1	zhi3chu1	zhichu	canonical
指導|指导|zhi3 dao3	zhi3dao3	zhidao	canonical
指控|指控|zhi3 kong4	zhi3kong4	zhikong	canonical
指揮|指挥|zhi3 hui1	zhi3hui1	zhihui	canonical
按|按|an4	an4	an	canonical
按照|按照|an4 zhao4	an4zhao4	anzhao	canonical
挑戰|挑战|tiao3 zhan4	tiao3zhan4	tiaozhan	canonical
捲|卷|juan3	juan3	juan	canonical
授權|授权|shou4 quan2	shou4quan2	shouquan	canonical
掉|掉|diao4	diao4	diao	canonical
掌握|掌握|zhang3 wo4	zhang3wo4	zhangwo	canonical
排|排|pai2	pai2	pai	canonical
掛|挂|gua4	gua4	gua	canonical
採取|采取|cai3 qu3	cai3qu3	caiqu	canonical
接|接|jie1	jie1	jie	canonical
接受|接受|jie1 shou4	jie1shou4	jieshou	canonical
接著|接着|jie1 zhe5	jie1zhe5	jiezhe	canonical
接觸|接触|jie1 chu4	jie1chu4	jiechu	canonical
接近|接近|jie1 jin4	jie1jin4	jiejin	canonical
控制|控制|kong4 zhi4	kong4zhi4	kongzhi	canonical
推|推|tui1	tui1	tui	canonical
措施|措施|cuo4 shi1	cuo4shi1	cuoshi	canonical
描述|描述|miao2 shu4	miao2shu4	miaoshu	canonical
提|提|ti2	ti2	ti	canonical
提供|提供|ti2 gong1	ti2gong1	tigong	canonical
提出|提出|ti2 chu1	ti2chu1	tichu	canonical
提到|提到|ti2 dao4	ti2dao4	tidao	canonical
提議|提议|ti2 yi4	ti2yi4	tiyi	canonical
提高|提高|ti2 gao1	ti2gao1	tigao	canonical
換|换|huan4	huan4	huan	canonical
損失|损失|sun3 shi1	sun3shi1	sunshi	canonical
搬|搬|ban1	ban1	ban	canonical
摩|摩|mo2	mo2	mo	canonical
播|播|bo1	bo1	bo	canonical
播|播|bo1	bo4	bo	variant
擁有|拥有|yong1 you3	yong1you3	yongyou	canonical
擊|击|ji1	ji1	ji	canonical
擊|击|ji1	ji2	ji	variant
擊敗|击败|ji1 bai4	ji1bai4	jibai	canonical
擔心|担心|dan1 xin1	dan1xin1	danxin	canonical
支|支|zhi1	zhi1	zhi	canonical
支持|支持|zhi1 chi2	zhi1chi2	zhichi	canonical
支援|支援|zhi1 yuan2	zhi1yuan2	zhiyuan	canonical
收|收|shou1	shou1	shou	canonical
收入|收入|shou1 ru4	shou1ru4	shouru	canonical
收到|收到|shou1 dao4	shou1dao4	shoudao	canonical
收集|收集|shou1 ji2	shou1ji2	shouji	canonical
改|改|gai3	gai3	gai	canonical
改變|改变|gai3 bian4	gai3bian4	gaibian	canonical
攻擊|攻击|gong1 ji1	gong1ji1	gongji	canonical
放|放|fang4	fang4	fang	canonical
放棄|放弃|fang4 qi4	fang4qi4	fangqi	canonical
政府|政府|zheng4 fu3	zheng4fu3	zhengfu	canonical
政策|政策|zheng4 ce4	zheng4ce4	zhengce	canonical
故事|故事|gu4 shi4	gu4shi4	gushi	canonical
故事|故事|gu4 shi5	gu4shi5	gushi	canonical
效果|效果|xiao4 guo3	xiao4guo3	xiaoguo	canonical
救|救|jiu4	jiu4	jiu	canonical
教|教|jiao1	jiao1	jiao	canonical
教|教|jiao4	jiao4	jiao	canonical
教堂|教堂|jiao4 tang2	jiao4tang2	jiaotang	canonical
教授|教授|jiao1 shou4	jiao1shou4	jiaoshou	canonical
教授|教授|jiao4 shou4	jiao4shou4	jiaoshou	canonical
教會|教会|jiao1 hui4	jiao1hui4	jiaohui	canonical
教會|教会|jiao4 hui4	jiao4hui4	jiaohui	canonical
教練|教练|jiao4 lian4	jiao4lian4	jiaolian	canonical
教育|教育|jiao4 yu4	jiao4yu4	jiaoyu	canonical
敢|敢|gan3	gan3	gan	canonical
敬|敬|jing4	jing4	jing	canonical
整|整|zheng3	zheng3	zheng	canonical
整個|整个|zheng3 ge4	zheng3ge4	zhengge	canonical
敵人|敌人|di2 ren2	di2ren2	diren	canonical
數|数|shu3	shu3	shu	canonical
數|数|shu4	shu4	shu	canonical
數|数|shuo4	shuo4	shuo	canonical
數字|数字|shu4 zi4	shu4zi4	shuzi	canonical
數學|数学|shu4 xue2	shu4xue2	shuxue	canonical
數據|数据|shu4 ju4	shu4ju4	shuju	canonical
數量|数量|shu4 liang4	shu4liang4	shuliang	canonical
文|文|wen2	wen2	wen	canonical
文件|文件|wen2 jian4	wen2jian4	wenjian	canonical
文化|文化|wen2 hua4	wen2hua4	wenhua	canonical
文章|文章|wen2 zhang1	wen2zhang1	wenzhang	canonical
斗|斗|dou3	dou3	dou	canonical
斯|斯|si1	si1	si	canonical
新|新|xin1	xin1	xin	canonical
新聞|新闻|xin1 wen2	xin1wen2	xinwen	canonical
斷|断|duan4	duan4	duan	canonical
方|方|fang1	fang1	fang	canonical
方便|方便|fang1 bian4	fang1bian4	fangbian	canonical
方向|方向|fang1 xiang4	fang1xiang4	fangxiang	canonical
方式|方式|fang1 shi4	fang1shi4	fangshi	canonical
方案|方案|fang1 an4	fang1an4	fangan	canonical
方法|方法|fang1 fa3	fang1fa3	fangfa	canonical
方面|方面|fang1 mian4	fang1mian4	fangmian	canonical
於|于|yu2	yu2	yu	canonical
於|於|wu1	wu1	wu	canonical
於是|于是|yu2 shi4	yu2shi4	yushi	canonical
施|施|shi1	shi1	shi	canonical
旁|旁|pang2	pang2	pang	canonical
旅|旅|lu:3	lv3	lv	canonical
旅行|旅行|lu:3 xing2	lv3xing2	lvxing	canonical
旅遊|旅游|lu:3 you2	lv3you2	lvyou	canonical
族|族|zu2	zu2	zu	canonical
既|既|ji4	ji4	ji	canonical
早|早|zao3	zao3	zao	canonical
早上|早上|zao3 shang5	zao3shang5	zaoshang	canonical
明|明|ming2	ming2	ming	canonical
明星|明星|ming2 xing1	ming2xing1	mingxing	canonical
明確|明确|ming2 que4	ming2que4	mingque	canonical
明顯|明显|ming2 xian3	ming2xian3	mingxian	canonical
易|易|yi4	yi4	yi	canonical
星|星|xing1	xing1	xing	canonical
是|是|shi4	shi4	shi	canonical
是否|是否|shi4 fou3	shi4fou3	shifou	canonical
時|时|shi2	shi2	shi	canonical
時代|时代|shi2 dai4	shi2dai4	shidai	canonical
時候|时候|shi2 hou5	shi2hou5	shihou	canonical
時期|时期|shi2 qi1	shi2qi1	shiqi	canonical
時間|时间|shi2 jian1	shi2jian1	shijian	canonical
晚|晚|wan3	wan3	wan	canonical
晚上|晚上|wan3 shang5	wan3shang5	wanshang	canonical
普|普|pu3	pu3	pu	canonical
普通|普通|pu3 tong1	pu3tong1	putong	canonical
暫時|暂时|zan4 shi2	zan4shi2	zanshi	canonical
暴力|暴力|bao4 li4	bao4li4	baoli	canonical
曲|曲|qu1	qu1	qu	canonical
曲|曲|qu3	qu3	qu	canonical
更|更|geng1	geng1	geng	canonical
更|更|geng4	geng4	geng	canonical
更加|更加|geng4 jia1	geng4jia1	gengjia	canonical
書|书|shu1	shu1	shu	canonical
曼|曼|man4	man4	man	canonical
曾|曾|ceng2	ceng2	ceng	canonical
曾|曾|zeng1	zeng1	zeng	canonical
曾經|曾经|ceng2 jing1	ceng2jing1	cengjing	canonical
替|替|ti4	ti4	ti	canonical
最|最|zui4	zui4	zui	canonical
最佳|最佳|zui4 jia1	zui4jia1	zuijia	canonical
最初|最初|zui4 chu1	zui4chu1	zuichu	canonical
最後|最后|zui4 hou4	zui4hou4	zuihou	canonical
最終|最终|zui4 zhong1	zui4zhong1	zuizhong	canonical
最近|最近|zui4 jin4	zui4jin4	zuijin	canonical
最高|最高|zui4 gao1	zui4gao1	zuigao	canonical
會|会|kuai4	kuai4	kuai	canonical
會議|会议|hui4 yi4	hui4yi4	huiyi	canonical
月|月|yue4	yue4	yue	canonical
有些|有些|you3 xie1	you3xie1	youxie	canonical
有人|有人|you3 ren2	you3ren2	youren	canonical
有所|有所|you3 suo3	you3suo3	yousuo	canonical
有效|有效|you3 xiao4	you3xiao4	youxiao	canonical
有時|有时|you3 shi2	you3shi2	youshi	canonical
有的|有的|you3 de5	you3de5	youde	canonical
有著|有着|you3 zhe5	you3zhe5	youzhe	canonical
有關|有关|you3 guan1	you3guan1	youguan	canonical
朋友|朋友|peng2 you5	peng2you5	pengyou	canonical
朗|朗|lang3	lang3	lang	canonical
朝|朝|chao2	chao2	chao	canonical
朝|朝|zhao1	zhao1	zhao	canonical
期|期|qi1	qi1	qi	canonical
期|期|qi1	qi2	qi	variant
期間|期间|qi1 jian1	qi1jian1	qijian	canonical
木|木|mu4	mu4	mu	canonical
未|未|wei4	wei4	wei	canonical
未來|未来|wei4 lai2	wei4lai2	weilai	canonical
本|本|ben3	ben3	ben	canonical
本人|本人|ben3 ren2	ben3ren2	benren	canonical
本來|本来|ben3 lai2	ben3lai2	benlai	canonical
本地|本地|ben3 di4	ben3di4	bendi	canonical
本身|本身|ben3 shen1	ben3shen1	benshen	canonical
李|李|li3	li3	li	canonical
材料|材料|cai2 liao4	cai2liao4	cailiao	canonical
村|村|cun1	cun1	cun	canonical
杜|杜|du4	du4	du	canonical
杯|杯|bei1	bei1	bei	canonical
東|东|dong1	dong1	dong	canonical
東西|东西|dong1 xi1	dong1xi1	dongxi	canonical
東西|东西|dong1 xi5	dong1xi5	dongxi	canonical
松|松|song1	song1	song	canonical
板|板|ban3	ban3	ban	canonical
枚|枚|mei2	mei2	mei	canonical
架|架|jia4	jia4	jia	canonical
某|某|mou3	mou3	mou	canonical
某些|某些|mou3 xie1	mou3xie1	mouxie	canonical
某種|某种|mou3 zhong3	mou3zhong3	mouzhong	canonical
查|查|cha2	cha2	cha	canonical
校|校|jiao4	jiao4	jiao	canonical
校|校|xiao4	xiao4	xiao	canonical
校長|校长|xiao4 zhang3	xiao4zhang3	xiaozhang	canonical
根|根|gen1	gen1	gen	canonical
根據|根据|gen1 ju4	gen1ju4	genju	canonical
根本|根本|gen1 ben3	gen1ben3	genben	canonical
格|格|ge2	ge2	ge	canonical
案|案|an4	an4	an	canonical
案件|案件|an4 jian4	an4jian4	anjian	canonical
梅|梅|mei2	mei2	mei	canonical
條|条|tiao2	tiao2	tiao	canonical
條件|条件|tiao2 jian4	tiao2jian4	tiaojian	canonical
棒|棒|bang4	bang4	bang	canonical
棒球|棒球|bang4 qiu2	bang4qiu2	bangqiu	canonical
森|森|sen1	sen1	sen	canonical
森林|森林|sen1 lin2	sen1lin2	senlin	canonical
植物|植物|zhi2 wu4	zhi2wu4	zhiwu	canonical
業|业|ye4	ye4	ye	canonical
極|极|ji2	ji2	ji	canonical
概念|概念|gai4 nian4	gai4nian4	gainian	canonical
榮|荣|rong2	rong2	rong	canonical
榮譽|荣誉|rong2 yu4	rong2yu4	rongyu	canonical
槍|枪|qiang1	qiang1	qiang	canonical
樂|乐|le4	le4	le	canonical
樂|乐|yue4	yue4	yue	canonical
樂隊|乐队|yue4 dui4	yue4dui4	yuedui	canonical
樓|楼|lou2	lou2	lou	canonical
標準|标准|biao1 zhun3	biao1zhun3	biaozhun	canonical
標誌|标志|biao1 zhi4	biao1zhi4	biaozhi	canonical
模|模|mo2	mo2	mo	canonical
模|模|mu2	mu2	mu	canonical
模型|模型|mo2 xing2	mo2xing2	moxing	canonical
模式|模式|mo2 shi4	mo2shi4	moshi	canonical
樹|树|shu4	shu4	shu	canonical
橋|桥|qiao2	qiao2	qiao	canonical
機器|机器|ji1 qi4	ji1qi4	jiqi	canonical
機器人|机器人|ji1 qi4 ren2	ji1qi4ren2	jiqiren	canonical
機場|机场|ji1 chang3	ji1chang3	jichang	canonical
機會|机会|ji1 hui4	ji1hui4	jihui	canonical
機構|机构|ji1 gou4	ji1gou4	jigou	canonical
檔案|档案|dang4 an4	dang4an4	dangan	canonical
檢查|检查|jian3 cha2	jian3cha2	jiancha	canonical
權|权|quan2	quan2	quan	canonical
權利|权利|quan2 li4	quan2li4	quanli	canonical
權力|权力|quan2 li4	quan2li4	quanli	canonical
次|次|ci4	ci4	ci	canonical
欲|欲|yu4	yu4	yu	canonical
款|款|kuan3	kuan3	kuan	canonical
歌|歌|ge1	ge1	ge	canonical
歌手|歌手|ge1 shou3	ge1shou3	geshou	canonical
歌曲|歌曲|ge1 qu3	ge1qu3	gequ	canonical
歐|欧|ou1	ou1	ou	canonical
歡迎|欢迎|huan1 ying2	huan1ying2	huanying	canonical
止|止|zhi3	zhi3	zhi	canonical
正|正|zheng1	zheng1	zheng	canonical
正|正|zheng4	zheng4	zheng	canonical
正在|正在|zheng4 zai4	zheng4zai4	zhengzai	canonical
正常|正常|zheng4 chang2	zheng4chang2	zhengchang	canonical
正式|正式|zheng4 shi4	zheng4shi4	zhengshi	canonical
正是|正是|zheng4 shi4	zheng4shi4	zhengshi	canonical
正確|正确|zheng4 que4	zheng4que4	zhengque	canonical
此|此|ci3	ci3	ci	canonical
步|步|bu4	bu4	bu	canonical
武器|武器|wu3 qi4	wu3qi4	wuqi	canonical
歲|岁|sui4	sui4	sui	canonical
歷史|历史|li4 shi3	li4shi3	lishi	canonical
歸|归|gui1	gui1	gui	canonical
死|死|si3	si3	si	canonical
死亡|死亡|si3 wang2	si3wang2	siwang	canonical
段|段|duan4	duan4	duan	canonical
殺|杀|sha1	sha1	sha	canonical
殺害|杀害|sha1 hai4	sha1hai4	shahai	canonical
殺死|杀死|sha1 si3	sha1si3	shasi	canonical
毀|毁|hui3	hui3	hui	canonical
母|母|mu3	mu3	mu	canonical
母親|母亲|mu3 qin1	mu3qin1	muqin	canonical
每|每|mei3	mei3	mei	canonical
每個|每个|mei3 ge4	mei3ge4	meige	canonical
每天|每天|mei3 tian1	mei3tian1	meitian	canonical
每年|每年|mei3 nian2	mei3nian2	meinian	canonical
毒|毒|du2	du2	du	canonical
比|比|bi3	bi3	bi	canonical
比|比|bi3	bi4	bi	variant
比如|比如|bi3 ru2	bi3ru2	biru	canonical
比賽|比赛|bi3 sai4	bi3sai4	bisai	canonical
比較|比较|bi3 jiao4	bi3jiao4	bijiao	canonical
毛|毛|mao2	mao2	mao	canonical
民|民|min2	min2	min	canonical
民主|民主|min2 zhu3	min2zhu3	minzhu	canonical
水平|水平|shui3 ping2	shui3ping2	shuiping	canonical
永遠|永远|yong3 yuan3	yong3yuan3	yongyuan	canonical
求|求|qiu2	qiu2	qiu	canonical
決定|决定|jue2 ding4	jue2ding4	jueding	canonical
汽車|汽车|qi4 che1	qi4che1	qiche	canonical
沒|没|mei2	mei2	mei	canonical
沒|没|mo4	mo4	mo	canonical
沒有|没有|mei2 you3	mei2you3	meiyou	canonical
沖|冲|chong1	chong1	chong	canonical
沙|沙|sha1	sha1	sha	canonical
沙|沙|sha4	sha4	sha	canonical
河|河|he2	he2	he	canonical
油|油|you2	you2	you	canonical
治|治|zhi4	zhi4	zhi	canonical
治療|治疗|zhi4 liao2	zhi4liao2	zhiliao	canonical
法|法|fa3	fa3	fa	canonical
法官|法官|fa3 guan1	fa3guan1	faguan	canonical
法庭|法庭|fa3 ting2	fa3ting2	fating	canonical
法律|法律|fa3 lu:4	fa3lv4	falv	canonical
法院|法院|fa3 yuan4	fa3yuan4	fayuan	canonical
波|波|bo1	bo1	bo	canonical
注|注|zhu4	zhu4	zhu	canonical
注意|注意|zhu4 yi4	zhu4yi4	zhuyi	canonical
泰|泰|tai4	tai4	tai	canonical
洞|洞|dong4	dong4	dong	canonical
活|活|huo2	huo2	huo	canonical
活動|活动|huo2 dong4	huo2dong4	huodong	canonical
派|派|pai4	pai4	pai	canonical
流|流|liu2	liu2	liu	canonical
流行|流行|liu2 xing2	liu2xing2	liuxing	canonical
海軍|海军|hai3 jun1	hai3jun1	haijun	canonical
消失|消失|xiao1 shi1	xiao1shi1	xiaoshi	canonical
消息|消息|xiao1 xi5	xiao1xi5	xiaoxi	canonical
深|深|shen1	shen1	shen	canonical
混|混|hun2	hun2	hun	canonical
混|混|hun2	hun4	hun	variant
混|混|hun4	hun4	hun	canonical
混亂|混乱|hun4 luan4	hun4luan4	hunluan	canonical
清|清|qing1	qing1	qing	canonical
清楚|清楚|qing1 chu5	qing1chu5	qingchu	canonical
減少|减少|jian3 shao3	jian3shao3	jianshao	canonical
測試|测试|ce4 shi4	ce4shi4	ceshi	canonical
港|港|gang3	gang3	gang	canonical
游|游|you2	you2	you	canonical
湖|湖|hu2	hu2	hu	canonical
湯|汤|shang1	shang1	shang	canonical
湯|汤|tang1	tang1	tang	canonical
準|准|zhun3	zhun3	zhun	canonical
準備|准备|zhun3 bei4	zhun3bei4	zhunbei	canonical
滅|灭|mie4	mie4	mie	canonical
滿|满|man3	man3	man	canonical
滿足|满足|man3 zu2	man3zu2	manzu	canonical
演|演|yan3	yan3	yan	canonical
演出|演出|yan3 chu1	yan3chu1	yanchu	canonical
演員|演员|yan3 yuan2	yan3yuan2	yanyuan	canonical
演唱|演唱|yan3 chang4	yan3chang4	yanchang	canonical
演唱會|演唱会|yan3 chang4 hui4	yan3chang4hui4	yanchanghui	canonical
演奏|演奏|yan3 zou4	yan3zou4	yanzou	canonical
漢|汉|han4	han4	han	canonical
漫畫|漫画|man4 hua4	man4hua4	manhua	canonical
灣|湾|wan1	wan1	wan	canonical
火|火|huo3	huo3	huo	canonical
炸彈|炸弹|zha4 dan4	zha4dan4	zhadan	canonical
為|为|wei2	wei2	wei	canonical
為|为|wei4	wei4	wei	canonical
為了|为了|wei4 le5	wei4le5	weile	canonical
為什麼|为什么|wei4 shen2 me5	wei4shen2me5	weishenme	canonical
為止|为止|wei2 zhi3	wei2zhi3	weizhi	canonical
無|无|wu2	wu2	wu	canonical
無法|无法|wu2 fa3	wu2fa3	wufa	canonical
無論|无论|wu2 lun4	wu2lun4	wulun	canonical
然|然|ran2	ran2	ran	canonical
然後|然后|ran2 hou4	ran2hou4	ranhou	canonical
然而|然而|ran2 er2	ran2er2	raner	canonical
照|照|zhao4	zhao4	zhao	canonical
照片|照片|zhao4 pian4	zhao4pian4	zhaopian	canonical
熊|熊|xiong2	xiong2	xiong	canonical
熱|热|re4	re4	re	canonical
燈|灯|deng1	deng1	deng	canonical
燒|烧|shao1	shao1	shao	canonical
營|营|ying2	ying2	ying	canonical
爆炸|爆炸|bao4 zha4	bao4zha4	baozha	canonical
爆發|爆发|bao4 fa1	bao4fa1	baofa	canonical
爭取|争取|zheng1 qu3	zheng1qu3	zhengqu	canonical
父|父|fu4	fu4	fu	canonical
父母|父母|fu4 mu3	fu4mu3	fumu	canonical
父親|父亲|fu4 qin1	fu4qin1	fuqin	canonical
父親|父亲|fu4 qin1	fu4qin5	fuqin	variant
牆|墙|qiang2	qiang2	qiang	canonical
片|片|pian1	pian1	pian	canonical
片|片|pian4	pian4	pian	canonical
版|版|ban3	ban3	ban	canonical
版本|版本|ban3 ben3	ban3ben3	banben	canonical
牌|牌|pai2	pai2	pai	canonical
牛|牛|niu2	niu2	niu	canonical
牠|它|ta1	ta1	ta	canonical
物|物|wu4	wu4	wu	canonical
物質|物质|wu4 zhi4	wu4zhi4	wuzhi	canonical
特|特|te4	te4	te	canonical
特別|特别|te4 bie2	te4bie2	tebie	canonical
特殊|特殊|te4 shu1	te4shu1	teshu	canonical
犯|犯|fan4	fan4	fan	canonical
犯罪|犯罪|fan4 zui4	fan4zui4	fanzui	canonical
狀|状|zhuang4	zhuang4	zhuang	canonical
狀態|状态|zhuang4 tai4	zhuang4tai4	zhuangtai	canonical
狀況|状况|zhuang4 kuang4	zhuang4kuang4	zhuangkuang	canonical
狗|狗|gou3	gou3	gou	canonical
狼|狼|lang2	lang2	lang	canonical
獎|奖|jiang3	jiang3	jiang	canonical
獨立|独立|du2 li4	du2li4	duli	canonical
獲|获|huo4	huo4	huo	canonical
獲得|获得|huo4 de2	huo4de2	huode	canonical
率|率|lu:4	lv4	lv	canonical
率|率|shuai4	shuai4	shuai	canonical
王|王|wang2	wang2	wang	canonical
王|王|wang4	wang4	wang	canonical
王國|王国|wang2 guo2	wang2guo2	wangguo	canonical
王子|王子|wang2 zi3	wang2zi3	wangzi	canonical
玩|玩|wan2	wan2	wan	canonical
玩|玩|wan2	wan4	wan	variant
玻璃|玻璃|bo1 li5	bo1li5	boli	canonical
班|班|ban1	ban1	ban	canonical
現|现|xian4	xian4	xian	canonical
現代|现代|xian4 dai4	xian4dai4	xiandai	canonical
現在|现在|xian4 zai4	xian4zai4	xianzai	canonical
現場|现场|xian4 chang3	xian4chang3	xianchang	canonical
現實|现实|xian4 shi2	xian4shi2	xianshi	canonical
現象|现象|xian4 xiang4	xian4xiang4	xianxiang	canonical
球|球|qiu2	qiu2	qiu	canonical
球隊|球队|qiu2 dui4	qiu2dui4	qiudui	canonical
理|理|li3	li3	li	canonical
理由|理由|li3 you2	li3you2	liyou	canonical
理解|理解|li3 jie3	li3jie3	lijie	canonical
理論|理论|li3 lun4	li3lun4	lilun	canonical
瑞|瑞|rui4	rui4	rui	canonical
環|环|huan2	huan2	huan	canonical
環境|环境|huan2 jing4	huan2jing4	huanjing	canonical
瓦|瓦|wa3	wa3	wa	canonical
甚至|甚至|shen4 zhi4	shen4zhi4	shenzhi	canonical
生命|生命|sheng1 ming4	sheng1ming4	shengming	canonical
生活|生活|sheng1 huo2	sheng1huo2	shenghuo	canonical
生物|生物|sheng1 wu4	sheng1wu4	shengwu	canonical
生產|生产|sheng1 chan3	sheng1chan3	shengchan	canonical
產品|产品|chan3 pin3	chan3pin3	chanpin	canonical
產生|产生|chan3 sheng1	chan3sheng1	chansheng	canonical
用|用|yong4	yong4	yong	canonical
用來|用来|yong4 lai2	yong4lai2	yonglai	canonical
用於|用于|yong4 yu2	yong4yu2	yongyu	canonical
田|田|tian2	tian2	tian	canonical
由|由|you2	you2	you	canonical
由於|由于|you2 yu2	you2yu2	youyu	canonical
甲|甲|jia3	jia3	jia	canonical
申請|申请|shen1 qing3	shen1qing3	shenqing	canonical
男|男|nan2	nan2	nan	canonical
男人|男人|nan2 ren2	nan2ren2	nanren	canonical
男子|男子|nan2 zi3	nan2zi3	nanzi	canonical
男性|男性|nan2 xing4	nan2xing4	nanxing	canonical
界|界|jie4	jie4	jie	canonical
留|留|liu2	liu2	liu	canonical
留下|留下|liu2 xia4	liu2xia4	liuxia	canonical
畢業|毕业|bi4 ye4	bi4ye4	biye	canonical
畫|画|hua4	hua4	hua	canonical
異|异|yi4	yi4	yi	canonical
當|当|dang1	dang1	dang	canonical
當|当|dang4	dang4	dang	canonical
當中|当中|dang1 zhong1	dang1zhong1	dangzhong	canonical
當地|当地|dang1 di4	dang1di4	dangdi	canonical
當時|当时|dang1 shi2	dang1shi2	dangshi	canonical
當時|当时|dang4 shi2	dang4shi2	dangshi	canonical
當然|当然|dang1 ran2	dang1ran2	dangran	canonical
疾病|疾病|ji2 bing4	ji2bing4	jibing	canonical
病|病|bing4	bing4	bing	canonical
症狀|症状|zheng4 zhuang4	zheng4zhuang4	zhengzhuang	canonical
登|登|deng1	deng1	deng	canonical
發|发|fa1	fa1	fa	canonical
發出|发出|fa1 chu1	fa1chu1	fachu	canonical
發動|发动|fa1 dong4	fa1dong4	fadong	canonical
發射|发射|fa1 she4	fa1she4	fashe	canonical
發布|发布|fa1 bu4	fa1bu4	fabu	canonical
發揮|发挥|fa1 hui1	fa1hui1	fahui	canonical
發明|发明|fa1 ming2	fa1ming2	faming	canonical
發現|发现|fa1 xian4	fa1xian4	faxian	canonical
發生|发生|fa1 sheng1	fa1sheng1	fasheng	canonical
發表|发表|fa1 biao3	fa1biao3	fabiao	canonical
白色|白色|bai2 se4	bai2se4	baise	canonical
百|百|bai3	bai3	bai	canonical
百萬|百万|bai3 wan4	bai3wan4	baiwan	canonical
的|的|de5	de5	de	canonical
的|的|de5	di4	di	variant
的|的|di1	di1	di	canonical
的|的|di2	di2	di	canonical
的|的|di4	di4	di	canonical
的確|的确|di2 que4	di2que4	dique	canonical
的話|的话|de5 hua4	de5hua4	dehua	canonical
皆|皆|jie1	jie1	jie	canonical
皇后|皇后|huang2 hou4	huang2hou4	huanghou	canonical
皮|皮|pi2	pi2	pi	canonical
盃|杯|bei1	bei1	bei	canonical
監獄|监狱|jian1 yu4	jian1yu4	jianyu	canonical
盤|盘|pan2	pan2	pan	canonical
目前|目前|mu4 qian2	mu4qian2	muqian	canonical
目標|目标|mu4 biao1	mu4biao1	mubiao	canonical
目的|目的|mu4 di4	mu4di4	mudi	canonical
直|直|zhi2	zhi2	zhi	canonical
直到|直到|zhi2 dao4	zhi2dao4	zhidao	canonical
直接|直接|zhi2 jie1	zhi2jie1	zhijie	canonical
相|相|xiang1	xiang1	xiang	canonical
相|相|xiang4	xiang4	xiang	canonical
相互|相互|xiang1 hu4	xiang1hu4	xianghu	canonical
相似|相似|xiang1 si4	xiang1si4	xiangsi	canonical
相信|相信|xiang1 xin4	xiang1xin4	xiangxin	canonical
相同|相同|xiang1 tong2	xiang1tong2	xiangtong	canonical
相當|相当|xiang1 dang1	xiang1dang1	xiangdang	canonical
相關|相关|xiang1 guan1	xiang1guan1	xiangguan	canonical
省|省|sheng3	sheng3	sheng	canonical
省|省|xing3	xing3	xing	canonical
看|看|kan1	kan1	kan	canonical
看|看|kan4	kan4	kan	canonical
看到|看到|kan4 dao4	kan4dao4	kandao	canonical
看法|看法|kan4 fa3	kan4fa3	kanfa	canonical
看見|看见|kan4 jian4	kan4jian4	kanjian	canonical
真|真|zhen1	zhen1	zhen	canonical
真實|真实|zhen1 shi2	zhen1shi2	zhenshi	canonical
真正|真正|zhen1 zheng4	zhen1zheng4	zhenzheng	canonical
真的|真的|zhen1 de5	zhen1de5	zhende	canonical
眼|眼|yan3	yan3	yan	canonical
眼睛|眼睛|yan3 jing5	yan3jing5	yanjing	canonical
瞭解|了解|liao3 jie3	liao3jie3	liaojie	canonical
知|知|zhi1	zhi1	zhi	canonical
知識|知识|zhi1 shi5	zhi1shi5	zhishi	canonical
知道|知道|zhi1 dao4	zhi1dao4	zhidao	canonical
知道|知道|zhi1 dao4	zhi1dao5	zhidao	variant
短|短|duan3	duan3	duan	canonical
石|石|dan4	dan4	dan	canonical
石|石|shi2	shi2	shi	canonical
石油|石油|shi2 you2	shi2you2	shiyou	canonical
研究|研究|yan2 jiu1	yan2jiu1	yanjiu	canonical
破|破|po4	po4	po	canonical
破壞|破坏|po4 huai4	po4huai4	pohuai	canonical
確保|确保|que4 bao3	que4bao3	quebao	canonical
確定|确定|que4 ding4	que4ding4	queding	canonical
確實|确实|que4 shi2	que4shi2	queshi	canonical
確認|确认|que4 ren4	que4ren4	queren	canonical
碼|码|ma3	ma3	ma	canonical
社|社|she4	she4	she	canonical
社區|社区|she4 qu1	she4qu1	shequ	canonical
社會|社会|she4 hui4	she4hui4	shehui	canonical
神|神|shen2	shen2	shen	canonical
票|票|piao4	piao4	piao	canonical
禁止|禁止|jin4 zhi3	jin4zhi3	jinzhi	canonical
福|福|fu2	fu2	fu	canonical
禮|礼|li3	li3	li	canonical
离|离|chi1	chi1	chi	canonical
秀|秀|xiu4	xiu4	xiu	canonical
私人|私人|si1 ren2	si1ren2	siren	canonical
科|科|ke1	ke1	ke	canonical
科學|科学|ke1 xue2	ke1xue2	kexue	canonical
科學家|科学家|ke1 xue2 jia1	ke1xue2jia1	kexuejia	canonical
科技|科技|ke1 ji4	ke1ji4	keji	canonical
秒|秒|miao3	miao3	miao	canonical
秘密|秘密|mi4 mi4	mi4mi4	mimi	canonical
移|移|yi2	yi2	yi	canonical
移動|移动|yi2 dong4	yi2dong4	yidong	canonical
移民|移民|yi2 min2	yi2min2	yimin	canonical
程序|程序|cheng2 xu4	cheng2xu4	chengxu	canonical
程度|程度|cheng2 du4	cheng2du4	chengdu	canonical
稍|稍|shao1	shao1	shao	canonical
種|种|zhong3	zhong3	zhong	canonical
種|种|zhong4	zhong4	zhong	canonical
稱|称|chen4	chen4	chen	canonical
稱|称|chen4	cheng4	cheng	variant
稱|称|cheng1	cheng1	cheng	canonical
稱呼|称呼|cheng1 hu5	cheng1hu5	chenghu	canonical
稱為|称为|cheng1 wei2	cheng1wei2	chengwei	canonical
穀|谷|gu3	gu3	gu	canonical
積極|积极|ji1 ji2	ji1ji2	jiji	canonical
穩定|稳定|wen3 ding4	wen3ding4	wending	canonical
空|空|kong1	kong1	kong	canonical
空|空|kong4	kong4	kong	canonical
空氣|空气|kong1 qi4	kong1qi4	kongqi	canonical
空間|空间|kong1 jian1	kong1jian1	kongjian	canonical
穿|穿|chuan1	chuan1	chuan	canonical
突然|突然|tu1 ran2	tu1ran2	turan	canonical
立|立|li4	li4	li	canonical
立即|立即|li4 ji2	li4ji2	liji	canonical
站|站|zhan4	zhan4	zhan	canonical
章|章|zhang1	zhang1	zhang	canonical
端|端|duan1	duan1	duan	canonical
競爭|竞争|jing4 zheng1	jing4zheng1	jingzheng	canonical
笑|笑|xiao4	xiao4	xiao	canonical
符合|符合|fu2 he2	fu2he2	fuhe	canonical
第|第|di4	di4	di	canonical
第一|第一|di4 yi1	di4yi1	diyi	canonical
第二|第二|di4 er4	di4er4	dier	canonical
第五|第五|di4 wu3	di4wu3	diwu	canonical
筆|笔|bi3	bi3	bi	canonical
等|等|deng3	deng3	deng	canonical
等等|等等|deng3 deng3	deng3deng3	dengdeng	canonical
算|算|suan4	suan4	suan	canonical
管|管|guan3	guan3	guan	canonical
管理|管理|guan3 li3	guan3li3	guanli	canonical
節|节|jie2	jie2	jie	canonical
節目|节目|jie2 mu4	jie2mu4	jiemu	canonical
範圍|范围|fan4 wei2	fan4wei2	fanwei	canonical
篇|篇|pian1	pian1	pian	canonical
簡單|简单|jian3 dan1	jian3dan1	jiandan	canonical
簽署|签署|qian1 shu3	qian1shu3	qianshu	canonical
米|米|mi3	mi3	mi	canonical
糖|糖|tang2	tang2	tang	canonical
系|系|xi4	xi4	xi	canonical
系列|系列|xi4 lie4	xi4lie4	xilie	canonical
紀念|纪念|ji4 nian4	ji4nian4	jinian	canonical
約|约|yao1	yao1	yao	canonical
約|约|yue1	yue1	yue	canonical
紅|红|hong2	hong2	hong	canonical
紅色|红色|hong2 se4	hong2se4	hongse	canonical
納|纳|na4	na4	na	canonical
紙|纸|zhi3	zhi3	zhi	canonical
級|级|ji2	ji2	ji	canonical
素|素|su4	su4	su	canonical
索|索|suo3	suo3	suo	canonical
終於|终于|zhong1 yu2	zhong1yu2	zhongyu	canonical
組|组|zu3	zu3	zu	canonical
組合|组合|zu3 he2	zu3he2	zuhe	canonical
組成|组成|zu3 cheng2	zu3cheng2	zucheng	canonical
結|结|jie1	jie1	jie	canonical
結|结|jie1	jie2	jie	variant
結|结|jie2	jie2	jie	canonical
結合|结合|jie2 he2	jie2he2	jiehe	canonical
結婚|结婚|jie2 hun1	jie2hun1	jiehun	canonical
結束|结束|jie2 shu4	jie2shu4	jieshu	canonical
結果|结果|jie1 guo3	jie1guo3	jieguo	canonical
結果|结果|jie2 guo3	jie2guo3	jieguo	canonical
結構|结构|jie2 gou4	jie2gou4	jiegou	canonical
絕|绝|jue2	jue2	jue	canonical
絕對|绝对|jue2 dui4	jue2dui4	juedui	canonical
給|给|gei3	gei3	gei	canonical
給|给|ji3	ji3	ji	canonical
統治|统治|tong3 zhi4	tong3zhi4	tongzhi	canonical
絲|丝|si1	si1	si	canonical
經|经|jing1	jing1	jing	canonical
經典|经典|jing1 dian3	jing1dian3	jingdian	canonical
經常|经常|jing1 chang2	jing1chang2	jingchang	canonical
經歷|经历|jing1 li4	jing1li4	jingli	canonical
經營|经营|jing1 ying2	jing1ying2	jingying	canonical
經過|经过|jing1 guo4	jing1guo4	jingguo	canonical
經驗|经验|jing1 yan4	jing1yan4	jingyan	canonical
綠|绿|lu:4	lv4	lv	canonical
綠色|绿色|lu:4 se4	lv4se4	lvse	canonical
維|维|wei2	wei2	wei	canonical
維持|维持|wei2 chi2	wei2chi2	weichi	canonical
網|网|wang3	wang3	wang	canonical
網站|网站|wang3 zhan4	wang3zhan4	wangzhan	canonical
緊張|紧张|jin3 zhang1	jin3zhang1	jinzhang	canonical
緊急|紧急|jin3 ji2	jin3ji2	jinji	canonical
線|线|xian4	xian4	xian	canonical
編|编|bian1	bian1	bian	canonical
編輯|编辑|bian1 ji2	bian1ji2	bianji	canonical
總|总|zong3	zong3	zong	canonical
總是|总是|zong3 shi4	zong3shi4	zongshi	canonical
總統|总统|zong3 tong3	zong3tong3	zongtong	canonical
總部|总部|zong3 bu4	zong3bu4	zongbu	canonical
繫|系|ji4	ji4	ji	canonical
繫|系|xi4	xi4	xi	canonical
繼承|继承|ji4 cheng2	ji4cheng2	jicheng	canonical
繼續|继续|ji4 xu4	ji4xu4	jixu	canonical
缺乏|缺乏|que1 fa2	que1fa2	quefa	canonical
罪|罪|zui4	zui4	zui	canonical
置|置|zhi4	zhi4	zhi	canonical
羅|罗|luo2	luo2	luo	canonical
美|美|mei3	mei3	mei	canonical
美元|美元|mei3 yuan2	mei3yuan2	meiyuan	canonical
美麗|美丽|mei3 li4	mei3li4	meili	canonical
群|群|qun2	qun2	qun	canonical
習慣|习惯|xi2 guan4	xi2guan4	xiguan	canonical
老|老|lao3	lao3	lao	canonical
老師|老师|lao3 shi1	lao3shi1	laoshi	canonical
考|考|kao3	kao3	kao	canonical
考慮|考虑|kao3 lu:4	kao3lv4	kaolv	canonical
考試|考试|kao3 shi4	kao3shi4	kaoshi	canonical
者|者|zhe3	zhe3	zhe	canonical
而|而|er2	er2	er	canonical
而且|而且|er2 qie3	er2qie3	erqie	canonical
而已|而已|er2 yi3	er2yi3	eryi	canonical
而是|而是|er2 shi4	er2shi4	ershi	canonical
而言|而言|er2 yan2	er2yan2	eryan	canonical
耳|耳|er3	er3	er	canonical
耶|耶|ye1	ye1	ye	canonical
耶|耶|ye2	ye2	ye	canonical
耶|耶|ye5	ye5	ye	canonical
聖|圣|sheng4	sheng4	sheng	canonical
聞|闻|wen2	wen2	wen	canonical
聯合|联合|lian2 he2	lian2he2	lianhe	canonical
聯盟|联盟|lian2 meng2	lian2meng2	lianmeng	canonical
聯繫|联系|lian2 xi4	lian2xi4	lianxi	canonical
聯邦|联邦|lian2 bang1	lian2bang1	lianbang	canonical
聲|声|sheng1	sheng1	sheng	canonical
聲明|声明|sheng1 ming2	sheng1ming2	shengming	canonical
聲稱|声称|sheng1 cheng1	sheng1cheng1	shengcheng	canonical
聲音|声音|sheng1 yin1	sheng1yin1	shengyin	canonical
職|职|zhi2	zhi2	zhi	canonical
職業|职业|zhi2 ye4	zhi2ye4	zhiye	canonical
聽|听|ting1	ting1	ting	canonical
聽|听|ting1	ting4	ting	variant
聽到|听到|ting1 dao4	ting1dao4	tingdao	canonical
肉|肉|rou4	rou4	rou	canonical
股|股|gu3	gu3	gu	canonical
肯|肯|ken3	ken3	ken	canonical
肯定|肯定|ken3 ding4	ken3ding4	kending	canonical
背|背|bei1	bei1	bei	canonical
背|背|bei4	bei4	bei	canonical
背景|背景|bei4 jing3	bei4jing3	beijing	canonical
胡|胡|hu2	hu2	hu	canonical
能|能|neng2	neng2	neng	canonical
能力|能力|neng2 li4	neng2li4	nengli	canonical
能夠|能够|neng2 gou4	neng2gou4	nenggou	canonical
能量|能量|neng2 liang4	neng2liang4	nengliang	canonical
脫|脱|tuo1	tuo1	tuo	canonical
腦|脑|nao3	nao3	nao	canonical
腳|脚|jiao3	jiao3	jiao	canonical
臨時|临时|lin2 shi2	lin2shi2	linshi	canonical
自動|自动|zi4 dong4	zi4dong4	zidong	canonical
自己|自己|zi4 ji3	zi4ji3	ziji	canonical
自從|自从|zi4 cong2	zi4cong2	zicong	canonical
自我|自我|zi4 wo3	zi4wo3	ziwo	canonical
自殺|自杀|zi4 sha1	zi4sha1	zisha	canonical
自然|自然|zi4 ran2	zi4ran2	ziran	canonical
自由|自由|zi4 you2	zi4you2	ziyou	canonical
至|至|zhi4	zhi4	zhi	canonical
至今|至今|zhi4 jin1	zhi4jin1	zhijin	canonical
至少|至少|zhi4 shao3	zhi4shao3	zhishao	canonical
至於|至于|zhi4 yu2	zhi4yu2	zhiyu	canonical
致|致|zhi4	zhi4	zhi	canonical
臺|台|tai2	tai2	tai	canonical
與|与|yu3	yu3	yu	canonical
與|与|yu4	yu4	yu	canonical
興趣|兴趣|xing4 qu4	xing4qu4	xingqu	canonical
舉|举|ju3	ju3	ju	canonical
舉行|举行|ju3 xing2	ju3xing2	juxing	canonical
舉辦|举办|ju3 ban4	ju3ban4	juban	canonical
舊|旧|jiu4	jiu4	jiu	canonical
舞|舞|wu3	wu3	wu	canonical
舞臺|舞台|wu3 tai2	wu3tai2	wutai	canonical
舞蹈|舞蹈|wu3 dao3	wu3dao3	wudao	canonical
航空|航空|hang2 kong1	hang2kong1	hangkong	canonical
般|般|ban1	ban1	ban	canonical
船|船|chuan2	chuan2	chuan	canonical
艘|艘|sou1	sao1	sao	variant
艘|艘|sou1	sou1	sou	canonical
色|色|se4	se4	se	canonical
色|色|shai3	shai3	shai	canonical
艾|艾|ai4	ai4	ai	canonical
花園|花园|hua1 yuan2	hua1yuan2	huayuan	canonical
若|若|ruo4	ruo4	ruo	canonical
英|英|ying1	ying1	ying	canonical
英雄|英雄|ying1 xiong2	ying1xiong2	yingxiong	canonical
茲|兹|zi1	zi1	zi	canonical
茶|茶|cha2	cha2	cha	canonical
草|草|cao3	cao3	cao	canonical
莎|莎|sha1	sha1	sha	canonical
莫|莫|mo4	mo4	mo	canonical
菜|菜|cai4	cai4	cai	canonical
華|华|hua1	hua1	hua	canonical
華|华|hua2	hua2	hua	canonical
菲|菲|fei1	fei1	fei	canonical
菲|菲|fei3	fei3	fei	canonical
萊|莱|lai2	lai2	lai	canonical
落|落|la4	la4	la	canonical
落|落|lao4	lao4	lao	canonical
落|落|luo4	luo4	luo	canonical
葉|叶|ye4	ye4	ye	canonical
著|着|zhao1	zhao1	zhao	canonical
著|着|zhao1	zhuo2	zhuo	variant
著|着|zhao2	zhao2	zhao	canonical
著|着|zhe5	zhe5	zhe	canonical
著|着|zhuo2	zhuo2	zhuo	canonical
著|著|zhu4	zhu4	zhu	canonical
著名|著名|zhu4 ming2	zhu4ming2	zhuming	canonical
葯|药|yao4	yao4	yao	canonical
蒂|蒂|di4	di4	di	canonical
蒙|蒙|meng1	meng1	meng	canonical
蒙|蒙|meng2	meng2	meng	canonical
蓋|盖|gai4	gai4	gai	canonical
藍|蓝|lan2	lan2	lan	canonical
藍色|蓝色|lan2 se4	lan2se4	lanse	canonical
藏|藏|cang2	cang2	cang	canonical
藏|藏|zang4	zang4	zang	canonical
藝術|艺术|yi4 shu4	yi4shu4	yishu	canonical
藝術家|艺术家|yi4 shu4 jia1	yi4shu4jia1	yishujia	canonical
藥|药|yao4	yao4	yao	canonical
藥物|药物|yao4 wu4	yao4wu4	yaowu	canonical
蘇|苏|su1	su1	su	canonical
蘋果|苹果|ping2 guo3	ping2guo3	pingguo	canonical
蘭|兰|lan2	lan2	lan	canonical
虎|虎|hu3	hu3	hu	canonical
處|处|chu3	chu3	chu	canonical
處|处|chu4	chu4	chu	canonical
處於|处于|chu3 yu2	chu3yu2	chuyu	canonical
處理|处理|chu3 li3	chu3li3	chuli	canonical
號|号|hao2	hao2	hao	canonical
號|号|hao4	hao4	hao	canonical
血|血|xue4	xue4	xue	canonical
行動|行动|xing2 dong4	xing2dong4	xingdong	canonical
行為|行为|xing2 wei2	xing2wei2	xingwei	canonical
術|术|shu4	shu4	shu	canonical
術|术|zhu2	zhu2	zhu	canonical
街|街|jie1	jie1	jie	canonical
街道|街道|jie1 dao4	jie1dao4	jiedao	canonical
衛星|卫星|wei4 xing1	wei4xing1	weixing	canonical
衝|冲|chong1	chong1	chong	canonical
衝|冲|chong4	chong4	chong	canonical
衝突|冲突|chong1 tu1	chong1tu1	chongtu	canonical
表|表|biao3	biao3	biao	canonical
表明|表明|biao3 ming2	biao3ming2	biaoming	canonical
表演|表演|biao3 yan3	biao3yan3	biaoyan	canonical
表現|表现|biao3 xian4	biao3xian4	biaoxian	canonical
表示|表示|biao3 shi4	biao3shi4	biaoshi	canonical
表達|表达|biao3 da2	biao3da2	biaoda	canonical
表面|表面|biao3 mian4	biao3mian4	biaomian	canonical
被|被|bei4	bei4	bei	canonical
被捕|被捕|bei4 bu3	bei4bu3	beibu	canonical
裝|装|zhuang1	zhuang1	zhuang	canonical
裝置|装置|zhuang1 zhi4	zhuang1zhi4	zhuangzhi	canonical
裡|里|li3	li3	li	canonical
裡面|里面|li3 mian4	li3mian4	limian	canonical
裡面|里面|li3 mian4	li3mian5	limian	variant
製|制|zhi4	zhi4	zhi	canonical
製作|制作|zhi4 zuo4	zhi4zuo4	zhizuo	canonical
製造|制造|zhi4 zao4	zhi4zao4	zhizao	canonical
複雜|复杂|fu4 za2	fu4za2	fuza	canonical
襲擊|袭击|xi2 ji1	xi2ji1	xiji	canonical
西|西|xi1	xi1	xi	canonical
西部|西部|xi1 bu4	xi1bu4	xibu	canonical
要|要|yao1	yao1	yao	canonical
要|要|yao4	yao4	yao	canonical
要求|要求|yao1 qiu2	yao1qiu2	yaoqiu	canonical
見|见|jian4	jian4	jian	canonical
見|见|xian4	xian4	xian	canonical
見到|见到|jian4 dao4	jian4dao4	jiandao	canonical
規則|规则|gui1 ze2	gui1ze2	guize	canonical
規定|规定|gui1 ding4	gui1ding4	guiding	canonical
視|视|shi4	shi4	shi	canonical
親|亲|qin1	qin1	qin	canonical
親|亲|qing4	qing4	qing	canonical
親自|亲自|qin1 zi4	qin1zi4	qinzi	canonical
覺|觉|jiao4	jiao4	jiao	canonical
覺|觉|jue2	jue2	jue	canonical
覺得|觉得|jue2 de5	jue2de5	juede	canonical
觀察|观察|guan1 cha2	guan1cha2	guancha	canonical
觀眾|观众|guan1 zhong4	guan1zhong4	guanzhong	canonical
觀點|观点|guan1 dian3	guan1dian3	guandian	canonical
角|角|jiao3	jiao3	jiao	canonical
角|角|jue2	jue2	jue	canonical
角度|角度|jiao3 du4	jiao3du4	jiaodu	canonical
角色|角色|jue2 se4	jiao3se4	jiaose	variant
角色|角色|jue2 se4	jue2se4	juese	canonical
解|解|jie3	jie3	jie	canonical
解|解|jie4	jie4	jie	canonical
解|解|xie4	xie4	xie	canonical
解決|解决|jie3 jue2	jie3jue2	jiejue	canonical
解釋|解释|jie3 shi4	jie3shi4	jieshi	canonical
言|言|yan2	yan2	yan	canonical
計|计|ji4	ji4	ji	canonical
計劃|计划|ji4 hua4	ji4hua4	jihua	canonical
計算|计算|ji4 suan4	ji4suan4	jisuan	canonical
討論|讨论|tao3 lun4	tao3lun4	taolun	canonical
訓練|训练|xun4 lian4	xun4lian4	xunlian	canonical
託|托|tuo1	tuo1	tuo	canonical
記|记|ji4	ji4	ji	canonical
記憶|记忆|ji4 yi4	ji4yi4	jiyi	canonical
記者|记者|ji4 zhe3	ji4zhe3	jizhe	canonical
記錄|记录|ji4 lu4	ji4lu4	jilu	canonical
訪問|访问|fang3 wen4	fang3wen4	fangwen	canonical
設|设|she4	she4	she	canonical
設備|设备|she4 bei4	she4bei4	shebei	canonical
設置|设置|she4 zhi4	she4zhi4	shezhi	canonical
設計|设计|she4 ji4	she4ji4	sheji	canonical
許|许|xu3	xu3	xu	canonical
許多|许多|xu3 duo1	xu3duo1	xuduo	canonical
註|注|zhu4	zhu4	zhu	canonical
評價|评价|ping2 jia4	ping2jia4	pingjia	canonical
評論|评论|ping2 lun4	ping2lun4	pinglun	canonical
詞|词|ci2	ci2	ci	canonical
試|试|shi4	shi4	shi	canonical
試圖|试图|shi4 tu2	shi4tu2	shitu	canonical
試驗|试验|shi4 yan4	shi4yan4	shiyan	canonical
詩|诗|shi1	shi1	shi	canonical
話|话|hua4	hua4	hua	canonical
該|该|gai1	gai1	gai	canonical
認為|认为|ren4 wei2	ren4wei2	renwei	canonical
認識|认识|ren4 shi5	ren4shi5	renshi	canonical
語|语|yu3	yu3	yu	canonical
語|语|yu4	yu4	yu	canonical
語言|语言|yu3 yan2	yu3yan2	yuyan	canonical
說|说|shui4	shui4	shui	canonical
說|说|shuo1	shuo1	shuo	canonical
說明|说明|shuo1 ming2	shuo1ming2	shuoming	canonical
說法|说法|shuo1 fa3	shuo1fa3	shuofa	canonical
說法|说法|shuo1 fa5	shuo1fa5	shuofa	canonical
誰|谁|shei2	shei2	shei	canonical
誰|谁|shei2	shui2	shui	variant
課|课|ke4	ke4	ke	canonical
課程|课程|ke4 cheng2	ke4cheng2	kecheng	canonical
調|调|diao4	diao4	diao	canonical
調|调|tiao2	tiao2	tiao	canonical
調整|调整|tiao2 zheng3	tiao2zheng3	tiaozheng	canonical
調查|调查|diao4 cha2	diao4cha2	diaocha	canonical
談|谈|tan2	tan2	tan	canonical
談判|谈判|tan2 pan4	tan2pan4	tanpan	canonical
請|请|qing3	qing3	qing	canonical
請求|请求|qing3 qiu2	qing3qiu2	qingqiu	canonical
論|论|lun4	lun4	lun	canonical
諾|诺|nuo4	nuo4	nuo	canonical
講|讲|jiang3	jiang3	jiang	canonical
謝|谢|xie4	xie4	xie	canonical
證實|证实|zheng4 shi2	zheng4shi2	zhengshi	canonical
證據|证据|zheng4 ju4	zheng4ju4	zhengju	canonical
證明|证明|zheng4 ming2	zheng4ming2	zhengming	canonical
警|警|jing3	jing3	jing	canonical
警告|警告|jing3 gao4	jing3gao4	jinggao	canonical
警察|警察|jing3 cha2	jing3cha2	jingcha	canonical
警方|警方|jing3 fang1	jing3fang1	jingfang	canonical
議員|议员|yi4 yuan2	yi4yuan2	yiyuan	canonical
議會|议会|yi4 hui4	yi4hui4	yihui	canonical
護|护|hu4	hu4	hu	canonical
讀|读|dou4	dou4	dou	canonical
讀|读|du2	du2	du	canonical
變|变|bian4	bian4	bian	canonical
變化|变化|bian4 hua4	bian4hua4	bianhua	canonical
變成|变成|bian4 cheng2	bian4cheng2	biancheng	canonical
讓|让|rang4	rang4	rang	canonical
谷|谷|gu3	gu3	gu	canonical
豐富|丰富|feng1 fu4	feng1fu4	fengfu	canonical
象|象|xiang4	xiang4	xiang	canonical
豬|猪|zhu1	zhu1	zhu	canonical
貓|猫|mao1	mao1	mao	canonical
貝|贝|bei4	bei4	bei	canonical
負|负|fu4	fu4	fu	canonical
負責|负责|fu4 ze2	fu4ze2	fuze	canonical
財產|财产|cai2 chan3	cai2chan3	caichan	canonical
貢獻|贡献|gong4 xian4	gong4xian4	gongxian	canonical
責任|责任|ze2 ren4	ze2ren4	zeren	canonical
貴|贵|gui4	gui4	gui	canonical
買|买|mai3	mai3	mai	canonical
費|费|fei4	fei4	fei	canonical
資料|资料|zi1 liao4	zi1liao4	ziliao	canonical
資格|资格|zi1 ge2	zi1ge2	zige	canonical
資源|资源|zi1 yuan2	zi1yuan2	ziyuan	canonical
資金|资金|zi1 jin1	zi1jin1	zijin	canonical
賣|卖|mai4	mai4	mai	canonical
賽|赛|sai4	sai4	sai	canonical
贏得|赢得|ying2 de2	ying2de2	yingde	canonical
走|走|zou3	zou3	zou	canonical
起|起|qi3	qi3	qi	canonical
起來|起来|qi3 lai5	qi3lai2	qilai	variant
起來|起来|qi3 lai5	qi3lai5	qilai	canonical
起來|起来|qi5 lai5	qi3lai5	qilai	variant
起來|起来|qi5 lai5	qi5lai5	qilai	canonical
超|超|chao1	chao1	chao	canonical
超級|超级|chao1 ji2	chao1ji2	chaoji	canonical
超過|超过|chao1 guo4	chao1guo4	chaoguo	canonical
越|越|yue4	yue4	yue	canonical
越來越|越来越|yue4 lai2 yue4	yue4lai2yue4	yuelaiyue	canonical
足|足|ju4	ju4	ju	canonical
足|足|zu2	zu2	zu	canonical
足夠|足够|zu2 gou4	zu2gou4	zugou	canonical
足球|足球|zu2 qiu2	zu2qiu2	zuqiu	canonical
跑|跑|pao2	pao2	pao	canonical
跑|跑|pao3	pao3	pao	canonical
距離|距离|ju4 li2	ju4li2	juli	canonical
跟|跟|gen1	gen1	gen	canonical
路|路|lu4	lu4	lu	canonical
路線|路线|lu4 xian4	lu4xian4	luxian	canonical
跳|跳|tiao4	tiao4	tiao	canonical
身|身|shen1	shen1	shen	canonical
身上|身上|shen1 shang5	shen1shang5	shenshang	canonical
身份|身份|shen1 fen4	shen1fen4	shenfen	canonical
身體|身体|shen1 ti3	shen1ti3	shenti	canonical
車|车|che1	che1	che	canonical
車站|车站|che1 zhan4	che1zhan4	chezhan	canonical
軌道|轨道|gui3 dao4	gui3dao4	guidao	canonical
軍|军|jun1	jun1	jun	canonical
軍事|军事|jun1 shi4	jun1shi4	junshi	canonical
軍隊|军队|jun1 dui4	jun1dui4	jundui	canonical
較|较|jiao4	jiao3	jiao	variant
較|较|jiao4	jiao4	jiao	canonical
載|载|zai3	zai3	zai	canonical
載|载|zai3	zai4	zai	variant
載|载|zai4	zai4	zai	canonical
輕|轻|qing1	qing1	qing	canonical
輛|辆|liang4	liang4	liang	canonical
輪|轮|lun2	lun2	lun	canonical
轉|转|zhuan3	zhuan3	zhuan	canonical
轉|转|zhuan4	zhuan4	zhuan	canonical
轉移|转移|zhuan3 yi2	zhuan3yi2	zhuanyi	canonical
辦|办|ban4	ban4	ban	canonical
辦公室|办公室|ban4 gong1 shi4	ban4gong1shi4	bangongshi	canonical
辦法|办法|ban4 fa3	ban4fa3	banfa	canonical
辭職|辞职|ci2 zhi2	ci2zhi2	cizhi	canonical
迅速|迅速|xun4 su4	xun4su4	xunsu	canonical
近|近|jin4	jin4	jin	canonical
返回|返回|fan3 hui2	fan3hui2	fanhui	canonical
迪|迪|di2	di2	di	canonical
迴|回|hui2	hui2	hui	canonical
追|追|dui1	dui1	dui	canonical
追|追|zhui1	zhui1	zhui	canonical
退|退|tui4	tui4	tui	canonical
退出|退出|tui4 chu1	tui4chu1	tuichu	canonical
送|送|song4	song4	song	canonical
逃|逃|tao2	tao2	tao	canonical
逐漸|逐渐|zhu2 jian4	zhu2jian4	zhujian	canonical
這|这|zhe4	zhe4	zhe	canonical
這|这|zhei4	zhei4	zhei	canonical
這些|这些|zhe4 xie1	zhe4xie1	zhexie	canonical
這個|这个|zhe4 ge5	zhe4ge5	zhege	canonical
這樣|这样|zhe4 yang4	zhe4yang4	zheyang	canonical
這種|这种|zhe4 zhong3	zhe4zhong3	zhezhong	canonical
這裡|这里|zhe4 li3	zhe4li3	zheli	canonical
通|通|tong1	tong1	tong	canonical
通|通|tong4	tong4	tong	canonical
通常|通常|tong1 chang2	tong1chang2	tongchang	canonical
通知|通知|tong1 zhi1	tong1zhi1	tongzhi	canonical
通過|通过|tong1 guo4	tong1guo4	tongguo	canonical
速度|速度|su4 du4	su4du4	sudu	canonical
造|造|zao4	zao4	zao	canonical
造成|造成|zao4 cheng2	zao4cheng2	zaocheng	canonical
連|连|lian2	lian2	lian	canonical
連接|连接|lian2 jie1	lian2jie1	lianjie	canonical
連續|连续|lian2 xu4	lian2xu4	lianxu	canonical
逮捕|逮捕|dai4 bu3	dai3bu3	daibu	variant
逮捕|逮捕|dai4 bu3	dai4bu3	daibu	canonical
週|周|zhou1	zhou1	zhou	canonical
週年|周年|zhou1 nian2	zhou1nian2	zhounian	canonical
進|进|jin4	jin4	jin	canonical
進一步|进一步|jin4 yi1 bu4	jin4yi1bu4	jinyibu	canonical
進入|进入|jin4 ru4	jin4ru4	jinru	canonical
進攻|进攻|jin4 gong1	jin4gong1	jingong	canonical
進步|进步|jin4 bu4	jin4bu4	jinbu	canonical
進行|进行|jin4 xing2	jin4xing2	jinxing	canonical
逼|逼|bi1	bi1	bi	canonical
遇到|遇到|yu4 dao4	yu4dao4	yudao	canonical
遊|游|you2	you2	you	canonical
遊戲|游戏|you2 xi4	you2xi4	youxi	canonical
運|运|yun4	yun4	yun	canonical
運動|运动|yun4 dong4	yun4dong4	yundong	canonical
運動員|运动员|yun4 dong4 yuan2	yun4dong4yuan2	yundongyuan	canonical
過|过|guo4	guo4	guo	canonical
過|过|guo5	guo5	guo	canonical
過去|过去|guo4 qu4	guo4qu4	guoqu	canonical
過去|过去|guo4 qu5	guo4qu5	guoqu	canonical
過程|过程|guo4 cheng2	guo4cheng2	guocheng	canonical
道|道|dao4	dao4	dao	canonical
道德|道德|dao4 de2	dao4de2	daode	canonical
道路|道路|dao4 lu4	dao4lu4	daolu	canonical
達|达|da2	da2	da	canonical
達到|达到|da2 dao4	da2dao4	dadao	canonical
達成|达成|da2 cheng2	da2cheng2	dacheng	canonical
遠|远|yuan3	yuan3	yuan	canonical
遠|远|yuan4	yuan4	yuan	canonical
適合|适合|shi4 he2	shi4he2	shihe	canonical
遭|遭|zao1	zao1	zao	canonical
遭到|遭到|zao1 dao4	zao1dao4	zaodao	canonical
選|选|xuan3	xuan3	xuan	canonical
選手|选手|xuan3 shou3	xuan3shou3	xuanshou	canonical
選擇|选择|xuan3 ze2	xuan3ze2	xuanze	canonical
選舉|选举|xuan3 ju3	xuan3ju3	xuanju	canonical
避免|避免|bi4 mian3	bi4mian3	bimian	canonical
邀請|邀请|yao1 qing3	yao1qing3	yaoqing	canonical
還|还|hai2	hai2	hai	canonical
還|还|huan2	huan2	huan	canonical
還是|还是|hai2 shi5	hai2shi5	haishi	canonical
還有|还有|hai2 you3	hai2you3	haiyou	canonical
邊|边|bian1	bian1	bian	canonical
邊|边|bian5	bian5	bian	canonical
那|那|na4	na4	na	canonical
那|那|nuo2	nuo2	nuo	canonical
那些|那些|na4 xie1	na4xie1	naxie	canonical
那個|那个|na4 ge5	na4ge5	nage	canonical
那個|那个|na4 ge5	nei4ge5	neige	variant
那樣|那样|na4 yang4	na4yang4	nayang	canonical
那裏|那里|na4 li5	na4li5	nali	canonical
那裡|那里|na4 li5	na4li5	nali	canonical
那麼|那么|na4 me5	na4me5	name	canonical
郎|郎|lang2	lang2	lang	canonical
郡|郡|jun4	jun4	jun	canonical
部|部|bu4	bu4	bu	canonical
部分|部分|bu4 fen5	bu4fen4	bufen	variant
部分|部分|bu4 fen5	bu4fen5	bufen	canonical
部落|部落|bu4 luo4	bu4luo4	buluo	canonical
部長|部长|bu4 zhang3	bu4zhang3	buzhang	canonical
部門|部门|bu4 men2	bu4men2	bumen	canonical
部隊|部队|bu4 dui4	bu4dui4	budui	canonical
都|都|dou1	dou1	dou	canonical
都|都|du1	du1	du	canonical
配|配|pei4	pei4	pei	canonical
配合|配合|pei4 he2	pei4he2	peihe	canonical
酒|酒|jiu3	jiu3	jiu	canonical
酒店|酒店|jiu3 dian4	jiu3dian4	jiudian	canonical
酸|酸|suan1	suan1	suan	canonical
醫學|医学|yi1 xue2	yi1xue2	yixue	canonical
醫生|医生|yi1 sheng1	yi1sheng1	yisheng	canonical
醫療|医疗|yi1 liao2	yi1liao2	yiliao	canonical
醫院|医院|yi1 yuan4	yi1yuan4	yiyuan	canonical
釋放|释放|shi4 fang4	shi4fang4	shifang	canonical
里|里|li3	li3	li	canonical
重|重|chong2	chong2	chong	canonical
重|重|zhong4	zhong4	zhong	canonical
重大|重大|zhong4 da4	zhong4da4	zhongda	canonical
重新|重新|chong2 xin1	chong2xin1	chongxin	canonical
重複|重复|chong2 fu4	chong2fu4	chongfu	canonical
重要|重要|zhong4 yao4	zhong4yao4	zhongyao	canonical
重點|重点|chong2 dian3	chong2dian3	chongdian	canonical
重點|重点|zhong4 dian3	zhong4dian3	zhongdian	canonical
野|野|ye3	ye3	ye	canonical
量|量|liang2	liang2	liang	canonical
量|量|liang4	liang4	liang	canonical
金屬|金属|jin1 shu3	jin1shu3	jinshu	canonical
針對|针对|zhen1 dui4	zhen1dui4	zhendui	canonical
銀|银|yin2	yin2	yin	canonical
銀行|银行|yin2 hang2	yin2hang2	yinhang	canonical
銷售|销售|xiao1 shou4	xiao1shou4	xiaoshou	canonical
錄|录|lu4	lu4	lu	canonical
錢|钱|qian2	qian2	qian	canonical
錯|错|cuo4	cuo4	cuo	canonical
錯誤|错误|cuo4 wu4	cuo4wu4	cuowu	canonical
鍾|钟|zhong1	zhong1	zhong	canonical
鎮|镇|zhen4	zhen4	zhen	canonical
鏡|镜|jing4	jing4	jing	canonical
鐘|钟|zhong1	zhong1	zhong	canonical
鐵|铁|tie3	tie3	tie	canonical
長|长|chang2	chang2	chang	canonical
長|长|chang2	zhang4	zhang	variant
長|长|zhang3	zhang3	zhang	canonical
長官|长官|zhang3 guan1	zhang3guan1	zhangguan	canonical
長期|长期|chang2 qi1	chang2qi1	changqi	canonical
門|门|men2	men2	men	canonical
開|开|kai1	kai1	kai	canonical
開始|开始|kai1 shi3	kai1shi3	kaishi	canonical
開放|开放|kai1 fang4	kai1fang4	kaifang	canonical
間|间|jian1	jian1	jian	canonical
間|间|jian4	jian4	jian	canonical
關|关|guan1	guan1	guan	canonical
關係|关系|guan1 xi5	guan1xi5	guanxi	canonical
關於|关于|guan1 yu2	guan1yu2	guanyu	canonical
關注|关注|guan1 zhu4	guan1zhu4	guanzhu	canonical
關鍵|关键|guan1 jian4	guan1jian4	guanjian	canonical
關閉|关闭|guan1 bi4	guan1bi4	guanbi	canonical
防|防|fang2	fang2	fang	canonical
阻止|阻止|zu3 zhi3	zu3zhi3	zuzhi	canonical
阿|阿|a1	a1	a	canonical
阿|阿|a1	a4	a	variant
阿|阿|e1	e1	e	canonical
附近|附近|fu4 jin4	fu4jin4	fujin	canonical
降|降|jiang4	jiang4	jiang	canonical
降|降|xiang2	xiang2	xiang	canonical
限制|限制|xian4 zhi4	xian4zhi4	xianzhi	canonical
院|院|yuan4	yuan4	yuan	canonical
除|除|chu2	chu2	chu	canonical
除了|除了|chu2 le5	chu2le5	chule	canonical
陳|陈|chen2	chen2	chen	canonical
陷入|陷入|xian4 ru4	xian4ru4	xianru	canonical
隆|隆|long1	long1	long	canonical
隆|隆|long2	long2	long	canonical
隊|队|dui4	dui4	dui	canonical
隊伍|队伍|dui4 wu3	dui4wu3	duiwu	canonical
階段|阶段|jie1 duan4	jie1duan4	jieduan	canonical
隔|隔|ge2	ge2	ge	canonical
隧道|隧道|sui4 dao4	sui4dao4	suidao	canonical
隨|随|sui2	sui2	sui	canonical
隨著|随着|sui2 zhe5	sui2zhe5	suizhe	canonical
隻|只|zhi1	zhi1	zhi	canonical
集|集|ji2	ji2	ji	canonical
集中|集中|ji2 zhong1	ji2zhong1	jizhong	canonical
集合|集合|ji2 he2	ji2he2	jihe	canonical
集團|集团|ji2 tuan2	ji2tuan2	jituan	canonical
雖然|虽然|sui1 ran2	sui1ran2	suiran	canonical
雙方|双方|shuang1 fang1	shuang1fang1	shuangfang	canonical
雜誌|杂志|za2 zhi4	za2zhi4	zazhi	canonical
雞|鸡|ji1	ji1	ji	canonical
離|离|li2	li2	li	canonical
離婚|离婚|li2 hun1	li2hun1	lihun	canonical
離開|离开|li2 kai1	li2kai1	likai	canonical
難|难|nan2	nan2	nan	canonical
難|难|nan4	nan4	nan	canonical
難以|难以|nan2 yi3	nan2yi3	nanyi	canonical
雨|雨|yu3	yu3	yu	canonical
雨|雨|yu4	yu4	yu	canonical
雪|雪|xue3	xue3	xue	canonical
零|零|ling2	ling2	ling	canonical
雷|雷|lei2	lei2	lei	canonical
電子|电子|dian4 zi3	dian4zi3	dianzi	canonical
電影|电影|dian4 ying3	dian4ying3	dianying	canonical
電腦|电脑|dian4 nao3	dian4nao3	diannao	canonical
電視|电视|dian4 shi4	dian4shi4	dianshi	canonical
電視台|电视台|dian4 shi4 tai2	dian4shi4tai2	dianshitai	canonical
電話|电话|dian4 hua4	dian4hua4	dianhua	canonical
需|需|xu1	xu1	xu	canonical
需要|需要|xu1 yao4	xu1yao4	xuyao	canonical
露|露|lou4	lou4	lou	canonical
露|露|lu4	lu4	lu	canonical
靈|灵|ling2	ling2	ling	canonical
靈魂|灵魂|ling2 hun2	ling2hun2	linghun	canonical
青|青|qing1	qing1	qing	canonical
非|非|fei1	fei1	fei	canonical
非常|非常|fei1 chang2	fei1chang2	feichang	canonical
非法|非法|fei1 fa3	fei1fa3	feifa	canonical
靠|靠|kao4	kao4	kao	canonical
靠近|靠近|kao4 jin4	kao4jin4	kaojin	canonical
面對|面对|mian4 dui4	mian4dui4	miandui	canonical
革命|革命|ge2 ming4	ge2ming4	geming	canonical
音|音|yin1	yin1	yin	canonical
音樂|音乐|yin1 yue4	yin1yue4	yinyue	canonical
頁|页|xie2	xie2	xie	canonical
頁|页|ye4	ye4	ye	canonical
頂|顶|ding3	ding3	ding	canonical
項|项|xiang4	xiang4	xiang	canonical
項目|项目|xiang4 mu4	xiang4mu4	xiangmu	canonical
順|顺|shun4	shun4	shun	canonical
順利|顺利|shun4 li4	shun4li4	shunli	canonical
頓|顿|dun4	dun4	dun	canonical
領|领|ling3	ling3	ling	canonical
領域|领域|ling3 yu4	ling3yu4	lingyu	canonical
領導|领导|ling3 dao3	ling3dao3	lingdao	canonical
領袖|领袖|ling3 xiu4	ling3xiu4	lingxiu	canonical
頭|头|tou5	tou5	tou	canonical
頻道|频道|pin2 dao4	pin2dao4	pindao	canonical
顆|颗|ke1	ke1	ke	canonical
題|题|ti2	ti2	ti	canonical
顏色|颜色|yan2 se4	yan2se4	yanse	canonical
願意|愿意|yuan4 yi4	yuan4yi4	yuanyi	canonical
類|类|lei4	lei4	lei	canonical
類似|类似|lei4 si4	lei4si4	leisi	canonical
類型|类型|lei4 xing2	lei4xing2	leixing	canonical
顧問|顾问|gu4 wen4	gu4wen4	guwen	canonical
顯示|显示|xian3 shi4	xian3shi4	xianshi	canonical
風|风|feng1	feng1	feng	canonical
風格|风格|feng1 ge2	feng1ge2	fengge	canonical
風險|风险|feng1 xian3	feng1xian3	fengxian	canonical
飛|飞|fei1	fei1	fei	canonical
飛機|飞机|fei1 ji1	fei1ji1	feiji	canonical
飛行|飞行|fei1 xing2	fei1xing2	feixing	canonical
食|食|shi2	shi2	shi	canonical
食|食|si4	si4	si	canonical
食品|食品|shi2 pin3	shi2pin3	shipin	canonical
食物|食物|shi2 wu4	shi2wu4	shiwu	canonical
飯|饭|fan4	fan4	fan	canonical
養|养|yang3	yang3	yang	canonical
首|首|shou3	shou3	shou	canonical
首先|首先|shou3 xian1	shou3xian1	shouxian	canonical
香|香|xiang1	xiang1	xiang	canonical
馬|马|ma3	ma3	ma	canonical
馬克|马克|ma3 ke4	ma3ke4	make	canonical
騎|骑|ji4	ji4	ji	canonical
騎|骑|qi2	qi2	qi	canonical
騎士|骑士|qi2 shi4	qi2shi4	qishi	canonical
骨|骨|gu3	gu3	gu	canonical
體|体|ti3	ti3	ti	canonical
體育|体育|ti3 yu4	ti3yu4	tiyu	canonical
高|高|gao1	gao1	gao	canonical
高中|高中|gao1 zhong1	gao1zhong1	gaozhong	canonical
高中|高中|gao1 zhong4	gao1zhong4	gaozhong	canonical
高度|高度|gao1 du4	gao1du4	gaodu	canonical
高級|高级|gao1 ji2	gao1ji2	gaoji	canonical
鬆|松|song1	song1	song	canonical
鬥|斗|dou4	dou4	dou	canonical
鬼|鬼|gui3	gui3	gui	canonical
魔|魔|mo2	mo2	mo	canonical
魚|鱼|yu2	yu2	yu	canonical
魯|鲁|lu3	lu3	lu	canonical
鳥|鸟|diao3	diao3	diao	canonical
鳥|鸟|niao3	niao3	niao	canonical
鹿|鹿|lu4	lu4	lu	canonical
麗|丽|li4	li4	li	canonical
麥|麦|mai4	mai4	mai	canonical
麥克|麦克|mai4 ke4	mai4ke4	maike	canonical
麵|面|mian4	mian4	mian	canonical
黃|黄|huang2	huang2	huang	canonical
黑人|黑人|hei1 ren2	hei1ren2	heiren	canonical
黑色|黑色|hei1 se4	hei1se4	heise	canonical
點|点|dian3	dian3	dian	canonical
黨|党|dang3	dang3	dang	canonical
齊|齐|qi2	qi2	qi	canonical
龍|龙|long2	long2	long	canonical
